row_index,file_name,object_id,image_path,gt_mask_path,bbox_xmin,bbox_ymin,bbox_xmax,bbox_ymax,sam_mask_path,sam_visualization_path,sam_score,iou,device,model_type
0,000000.png,3,data/cogar_sim_500/rgb/000000.png,/home/amir/Desktop/COGAR/COGAR_Foundation-Model-Segmentation-for-Robotic-Scenes/outputs/cogar_sim_500/gt_binary_masks/ann_00000003_img_000000_cat_box.png,238.0,92.0,413.0,280.0,/home/amir/Desktop/COGAR/COGAR_Foundation-Model-Segmentation-for-Robotic-Scenes/outputs/cogar_sim_500/sam_box_200/masks/row_0000_object_3_sam_mask.png,,0.9931624531745911,0.9841485744179963,cuda,vit_b
1,000000.png,4,data/cogar_sim_500/rgb/000000.png,/home/amir/Desktop/COGAR/COGAR_Foundation-Model-Segmentation-for-Robotic-Scenes/outputs/cogar_sim_500/gt_binary_masks/ann_00000004_img_000000_cat_plastic_object.png,59.0,215.0,138.0,289.0,/home/amir/Desktop/COGAR/COGAR_Foundation-Model-Segmentation-for-Robotic-Scenes/outputs/cogar_sim_500/sam_box_200/masks/row_0001_object_4_sam_mask.png,,0.9892022609710693,0.9823085221143474,cuda,vit_b
2,000000.png,5,data/cogar_sim_500/rgb/000000.png,/home/amir/Desktop/COGAR/COGAR_Foundation-Model-Segmentation-for-Robotic-Scenes/outputs/cogar_sim_500/gt_binary_masks/ann_00000005_img_000000_cat_plastic_object.png,302.0,393.0,397.0,466.0,/home/amir/Desktop/COGAR/COGAR_Foundation-Model-Segmentation-for-Robotic-Scenes/outputs/cogar_sim_500/sam_box_200/masks/row_0002_object_5_sam_mask.png,,0.9816735982894897,0.9792134831460674,cuda,vit_b
3,000000.png,6,data/cogar_sim_500/rgb/000000.png,/home/amir/Desktop/COGAR/COGAR_Foundation-Model-Segmentation-for-Robotic-Scenes/outputs/cogar_sim_500/gt_binary_masks/ann_00000006_img_000000_cat_metal_part.png,374.0,123.0,415.0,148.0,/home/amir/Desktop/COGAR/COGAR_Foundation-Model-Segmentation-for-Robotic-Scenes/outputs/cogar_sim_500/sam_box_200/masks/row_0003_object_6_sam_mask.png,,0.9685908555984497,0.9300998573466477,cuda,vit_b
4,000000.png,7,data/cogar_sim_500/rgb/000000.png,/home/amir/Desktop/COGAR/COGAR_Foundation-Model-Segmentation-for-Robotic-Scenes/outputs/cogar_sim_500/gt_binary_masks/ann_00000007_img_000000_cat_box.png,56.0,265.0,276.0,480.0,/home/amir/Desktop/COGAR/COGAR_Foundation-Model-Segmentation-for-Robotic-Scenes/outputs/cogar_sim_500/sam_box_200/masks/row_0004_object_7_sam_mask.png,,1.00574791431427,0.9833686330335752,cuda,vit_b
5,000000.png,8,data/cogar_sim_500/rgb/000000.png,/home/amir/Desktop/COGAR/COGAR_Foundation-Model-Segmentation-for-Robotic-Scenes/outputs/cogar_sim_500/gt_binary_masks/ann_00000008_img_000000_cat_tool.png,0.0,306.0,130.0,345.0,/home/amir/Desktop/COGAR/COGAR_Foundation-Model-Segmentation-for-Robotic-Scenes/outputs/cogar_sim_500/sam_box_200/masks/row_0005_object_8_sam_mask.png,,0.9749578237533569,0.9676565715965892,cuda,vit_b
6,000000.png,9,data/cogar_sim_500/rgb/000000.png,/home/amir/Desktop/COGAR/COGAR_Foundation-Model-Segmentation-for-Robotic-Scenes/outputs/cogar_sim_500/gt_binary_masks/ann_00000009_img_000000_cat_metal_part.png,382.0,33.0,400.0,70.0,/home/amir/Desktop/COGAR/COGAR_Foundation-Model-Segmentation-for-Robotic-Scenes/outputs/cogar_sim_500/sam_box_200/masks/row_0006_object_9_sam_mask.png,,0.9470438361167908,0.91,cuda,vit_b
7,000000.png,10,data/cogar_sim_500/rgb/000000.png,/home/amir/Desktop/COGAR/COGAR_Foundation-Model-Segmentation-for-Robotic-Scenes/outputs/cogar_sim_500/gt_binary_masks/ann_00000010_img_000000_cat_metal_part.png,400.0,142.0,464.0,261.0,/home/amir/Desktop/COGAR/COGAR_Foundation-Model-Segmentation-for-Robotic-Scenes/outputs/cogar_sim_500/sam_box_200/masks/row_0007_object_10_sam_mask.png,,0.974370002746582,0.953428964433091,cuda,vit_b
8,000000.png,11,data/cogar_sim_500/rgb/000000.png,/home/amir/Desktop/COGAR/COGAR_Foundation-Model-Segmentation-for-Robotic-Scenes/outputs/cogar_sim_500/gt_binary_masks/ann_00000011_img_000000_cat_connector.png,151.0,124.0,201.0,185.0,/home/amir/Desktop/COGAR/COGAR_Foundation-Model-Segmentation-for-Robotic-Scenes/outputs/cogar_sim_500/sam_box_200/masks/row_0008_object_11_sam_mask.png,,0.9693078994750977,0.9380245319561007,cuda,vit_b
9,000000.png,12,data/cogar_sim_500/rgb/000000.png,/home/amir/Desktop/COGAR/COGAR_Foundation-Model-Segmentation-for-Robotic-Scenes/outputs/cogar_sim_500/gt_binary_masks/ann_00000012_img_000000_cat_box.png,368.0,0.0,508.0,153.0,/home/amir/Desktop/COGAR/COGAR_Foundation-Model-Segmentation-for-Robotic-Scenes/outputs/cogar_sim_500/sam_box_200/masks/row_0009_object_12_sam_mask.png,,0.9947708249092102,0.9927461956950249,cuda,vit_b
10,000000.png,13,data/cogar_sim_500/rgb/000000.png,/home/amir/Desktop/COGAR/COGAR_Foundation-Model-Segmentation-for-Robotic-Scenes/outputs/cogar_sim_500/gt_binary_masks/ann_00000013_img_000000_cat_plastic_object.png,131.0,157.0,280.0,289.0,/home/amir/Desktop/COGAR/COGAR_Foundation-Model-Segmentation-for-Robotic-Scenes/outputs/cogar_sim_500/sam_box_200/masks/row_0010_object_13_sam_mask.png,,0.9885474443435669,0.9781612294418981,cuda,vit_b
11,000000.png,14,data/cogar_sim_500/rgb/000000.png,/home/amir/Desktop/COGAR/COGAR_Foundation-Model-Segmentation-for-Robotic-Scenes/outputs/cogar_sim_500/gt_binary_masks/ann_00000014_img_000000_cat_box.png,342.0,158.0,476.0,333.0,/home/amir/Desktop/COGAR/COGAR_Foundation-Model-Segmentation-for-Robotic-Scenes/outputs/cogar_sim_500/sam_box_200/masks/row_0011_object_14_sam_mask.png,,0.8995401263237,0.930635838150289,cuda,vit_b
12,000000.png,15,data/cogar_sim_500/rgb/000000.png,/home/amir/Desktop/COGAR/COGAR_Foundation-Model-Segmentation-for-Robotic-Scenes/outputs/cogar_sim_500/gt_binary_masks/ann_00000015_img_000000_cat_cable.png,442.0,128.0,457.0,154.0,/home/amir/Desktop/COGAR/COGAR_Foundation-Model-Segmentation-for-Robotic-Scenes/outputs/cogar_sim_500/sam_box_200/masks/row_0012_object_15_sam_mask.png,,0.8440031409263611,0.7435897435897436,cuda,vit_b
13,000000.png,16,data/cogar_sim_500/rgb/000000.png,/home/amir/Desktop/COGAR/COGAR_Foundation-Model-Segmentation-for-Robotic-Scenes/outputs/cogar_sim_500/gt_binary_masks/ann_00000016_img_000000_cat_metal_part.png,386.0,147.0,412.0,192.0,/home/amir/Desktop/COGAR/COGAR_Foundation-Model-Segmentation-for-Robotic-Scenes/outputs/cogar_sim_500/sam_box_200/masks/row_0013_object_16_sam_mask.png,,0.8808315992355347,0.8089053803339518,cuda,vit_b
14,000002.png,21,data/cogar_sim_500/rgb/000002.png,/home/amir/Desktop/COGAR/COGAR_Foundation-Model-Segmentation-for-Robotic-Scenes/outputs/cogar_sim_500/gt_binary_masks/ann_00000021_img_000002_cat_plastic_object.png,344.0,0.0,379.0,68.0,/home/amir/Desktop/COGAR/COGAR_Foundation-Model-Segmentation-for-Robotic-Scenes/outputs/cogar_sim_500/sam_box_200/masks/row_0014_object_21_sam_mask.png,,0.9797359108924866,0.9571122230164403,cuda,vit_b
15,000002.png,22,data/cogar_sim_500/rgb/000002.png,/home/amir/Desktop/COGAR/COGAR_Foundation-Model-Segmentation-for-Robotic-Scenes/outputs/cogar_sim_500/gt_binary_masks/ann_00000022_img_000002_cat_plastic_object.png,401.0,303.0,451.0,380.0,/home/amir/Desktop/COGAR/COGAR_Foundation-Model-Segmentation-for-Robotic-Scenes/outputs/cogar_sim_500/sam_box_200/masks/row_0015_object_22_sam_mask.png,,0.9873400926589966,0.9743238616912017,cuda,vit_b
16,000002.png,23,data/cogar_sim_500/rgb/000002.png,/home/amir/Desktop/COGAR/COGAR_Foundation-Model-Segmentation-for-Robotic-Scenes/outputs/cogar_sim_500/gt_binary_masks/ann_00000023_img_000002_cat_metal_part.png,301.0,453.0,360.0,480.0,/home/amir/Desktop/COGAR/COGAR_Foundation-Model-Segmentation-for-Robotic-Scenes/outputs/cogar_sim_500/sam_box_200/masks/row_0016_object_23_sam_mask.png,,0.9380069971084595,0.9203747072599532,cuda,vit_b
17,000002.png,24,data/cogar_sim_500/rgb/000002.png,/home/amir/Desktop/COGAR/COGAR_Foundation-Model-Segmentation-for-Robotic-Scenes/outputs/cogar_sim_500/gt_binary_masks/ann_00000024_img_000002_cat_plastic_object.png,173.0,192.0,285.0,281.0,/home/amir/Desktop/COGAR/COGAR_Foundation-Model-Segmentation-for-Robotic-Scenes/outputs/cogar_sim_500/sam_box_200/masks/row_0017_object_24_sam_mask.png,,0.9803910255432129,0.9859849980260561,cuda,vit_b
18,000002.png,25,data/cogar_sim_500/rgb/000002.png,/home/amir/Desktop/COGAR/COGAR_Foundation-Model-Segmentation-for-Robotic-Scenes/outputs/cogar_sim_500/gt_binary_masks/ann_00000025_img_000002_cat_tool.png,202.0,152.0,366.0,279.0,/home/amir/Desktop/COGAR/COGAR_Foundation-Model-Segmentation-for-Robotic-Scenes/outputs/cogar_sim_500/sam_box_200/masks/row_0018_object_25_sam_mask.png,,0.8280068635940552,0.9420244437480414,cuda,vit_b
19,000002.png,26,data/cogar_sim_500/rgb/000002.png,/home/amir/Desktop/COGAR/COGAR_Foundation-Model-Segmentation-for-Robotic-Scenes/outputs/cogar_sim_500/gt_binary_masks/ann_00000026_img_000002_cat_cable.png,166.0,216.0,361.0,301.0,/home/amir/Desktop/COGAR/COGAR_Foundation-Model-Segmentation-for-Robotic-Scenes/outputs/cogar_sim_500/sam_box_200/masks/row_0019_object_26_sam_mask.png,,0.969377875328064,0.94,cuda,vit_b
20,000002.png,27,data/cogar_sim_500/rgb/000002.png,/home/amir/Desktop/COGAR/COGAR_Foundation-Model-Segmentation-for-Robotic-Scenes/outputs/cogar_sim_500/gt_binary_masks/ann_00000027_img_000002_cat_metal_part.png,330.0,405.0,399.0,480.0,/home/amir/Desktop/COGAR/COGAR_Foundation-Model-Segmentation-for-Robotic-Scenes/outputs/cogar_sim_500/sam_box_200/masks/row_0020_object_27_sam_mask.png,,0.9415900707244873,0.9531823745410036,cuda,vit_b
21,000002.png,28,data/cogar_sim_500/rgb/000002.png,/home/amir/Desktop/COGAR/COGAR_Foundation-Model-Segmentation-for-Robotic-Scenes/outputs/cogar_sim_500/gt_binary_masks/ann_00000028_img_000002_cat_box.png,207.0,61.0,314.0,185.0,/home/amir/Desktop/COGAR/COGAR_Foundation-Model-Segmentation-for-Robotic-Scenes/outputs/cogar_sim_500/sam_box_200/masks/row_0021_object_28_sam_mask.png,,0.9917519688606262,0.9808702680856797,cuda,vit_b
22,000002.png,29,data/cogar_sim_500/rgb/000002.png,/home/amir/Desktop/COGAR/COGAR_Foundation-Model-Segmentation-for-Robotic-Scenes/outputs/cogar_sim_500/gt_binary_masks/ann_00000029_img_000002_cat_connector.png,228.0,19.0,297.0,81.0,/home/amir/Desktop/COGAR/COGAR_Foundation-Model-Segmentation-for-Robotic-Scenes/outputs/cogar_sim_500/sam_box_200/masks/row_0022_object_29_sam_mask.png,,0.9751620888710022,0.9622839182818229,cuda,vit_b
23,000002.png,30,data/cogar_sim_500/rgb/000002.png,/home/amir/Desktop/COGAR/COGAR_Foundation-Model-Segmentation-for-Robotic-Scenes/outputs/cogar_sim_500/gt_binary_masks/ann_00000030_img_000002_cat_glass_object.png,367.0,0.0,458.0,67.0,/home/amir/Desktop/COGAR/COGAR_Foundation-Model-Segmentation-for-Robotic-Scenes/outputs/cogar_sim_500/sam_box_200/masks/row_0023_object_30_sam_mask.png,,0.9124027490615845,0.5870980091883614,cuda,vit_b
24,000002.png,31,data/cogar_sim_500/rgb/000002.png,/home/amir/Desktop/COGAR/COGAR_Foundation-Model-Segmentation-for-Robotic-Scenes/outputs/cogar_sim_500/gt_binary_masks/ann_00000031_img_000002_cat_cable.png,286.0,206.0,447.0,480.0,/home/amir/Desktop/COGAR/COGAR_Foundation-Model-Segmentation-for-Robotic-Scenes/outputs/cogar_sim_500/sam_box_200/masks/row_0024_object_31_sam_mask.png,,0.6772527098655701,0.8779700115340254,cuda,vit_b
25,000002.png,32,data/cogar_sim_500/rgb/000002.png,/home/amir/Desktop/COGAR/COGAR_Foundation-Model-Segmentation-for-Robotic-Scenes/outputs/cogar_sim_500/gt_binary_masks/ann_00000032_img_000002_cat_cable.png,369.0,59.0,445.0,197.0,/home/amir/Desktop/COGAR/COGAR_Foundation-Model-Segmentation-for-Robotic-Scenes/outputs/cogar_sim_500/sam_box_200/masks/row_0025_object_32_sam_mask.png,,0.9367175698280334,0.8054538054538054,cuda,vit_b
26,000002.png,33,data/cogar_sim_500/rgb/000002.png,/home/amir/Desktop/COGAR/COGAR_Foundation-Model-Segmentation-for-Robotic-Scenes/outputs/cogar_sim_500/gt_binary_masks/ann_00000033_img_000002_cat_metal_part.png,380.0,40.0,470.0,102.0,/home/amir/Desktop/COGAR/COGAR_Foundation-Model-Segmentation-for-Robotic-Scenes/outputs/cogar_sim_500/sam_box_200/masks/row_0026_object_33_sam_mask.png,,0.9635124802589417,0.9232343909928352,cuda,vit_b
27,000002.png,34,data/cogar_sim_500/rgb/000002.png,/home/amir/Desktop/COGAR/COGAR_Foundation-Model-Segmentation-for-Robotic-Scenes/outputs/cogar_sim_500/gt_binary_masks/ann_00000034_img_000002_cat_metal_part.png,392.0,463.0,452.0,480.0,/home/amir/Desktop/COGAR/COGAR_Foundation-Model-Segmentation-for-Robotic-Scenes/outputs/cogar_sim_500/sam_box_200/masks/row_0027_object_34_sam_mask.png,,0.9649938344955444,0.9493844049247606,cuda,vit_b
28,000002.png,35,data/cogar_sim_500/rgb/000002.png,/home/amir/Desktop/COGAR/COGAR_Foundation-Model-Segmentation-for-Robotic-Scenes/outputs/cogar_sim_500/gt_binary_masks/ann_00000035_img_000002_cat_box.png,131.0,255.0,325.0,459.0,/home/amir/Desktop/COGAR/COGAR_Foundation-Model-Segmentation-for-Robotic-Scenes/outputs/cogar_sim_500/sam_box_200/masks/row_0028_object_35_sam_mask.png,,0.9528621435165405,0.9633054030626986,cuda,vit_b
29,000002.png,36,data/cogar_sim_500/rgb/000002.png,/home/amir/Desktop/COGAR/COGAR_Foundation-Model-Segmentation-for-Robotic-Scenes/outputs/cogar_sim_500/gt_binary_masks/ann_00000036_img_000002_cat_robot_gripper.png,169.0,219.0,434.0,454.0,/home/amir/Desktop/COGAR/COGAR_Foundation-Model-Segmentation-for-Robotic-Scenes/outputs/cogar_sim_500/sam_box_200/masks/row_0029_object_36_sam_mask.png,,0.9752954244613647,0.8607083432374614,cuda,vit_b
30,000002.png,37,data/cogar_sim_500/rgb/000002.png,/home/amir/Desktop/COGAR/COGAR_Foundation-Model-Segmentation-for-Robotic-Scenes/outputs/cogar_sim_500/gt_binary_masks/ann_00000037_img_000002_cat_robot_gripper.png,272.0,255.0,322.0,305.0,/home/amir/Desktop/COGAR/COGAR_Foundation-Model-Segmentation-for-Robotic-Scenes/outputs/cogar_sim_500/sam_box_200/masks/row_0030_object_37_sam_mask.png,,0.9567776322364807,0.9648711943793911,cuda,vit_b
31,000003.png,40,data/cogar_sim_500/rgb/000003.png,/home/amir/Desktop/COGAR/COGAR_Foundation-Model-Segmentation-for-Robotic-Scenes/outputs/cogar_sim_500/gt_binary_masks/ann_00000040_img_000003_cat_plastic_object.png,344.0,385.0,427.0,465.0,/home/amir/Desktop/COGAR/COGAR_Foundation-Model-Segmentation-for-Robotic-Scenes/outputs/cogar_sim_500/sam_box_200/masks/row_0031_object_40_sam_mask.png,,0.980454683303833,0.9751687560270009,cuda,vit_b
32,000003.png,41,data/cogar_sim_500/rgb/000003.png,/home/amir/Desktop/COGAR/COGAR_Foundation-Model-Segmentation-for-Robotic-Scenes/outputs/cogar_sim_500/gt_binary_masks/ann_00000041_img_000003_cat_connector.png,241.0,186.0,275.0,221.0,/home/amir/Desktop/COGAR/COGAR_Foundation-Model-Segmentation-for-Robotic-Scenes/outputs/cogar_sim_500/sam_box_200/masks/row_0032_object_41_sam_mask.png,,0.9536573886871338,0.946376811594203,cuda,vit_b
33,000003.png,42,data/cogar_sim_500/rgb/000003.png,/home/amir/Desktop/COGAR/COGAR_Foundation-Model-Segmentation-for-Robotic-Scenes/outputs/cogar_sim_500/gt_binary_masks/ann_00000042_img_000003_cat_metal_part.png,164.0,196.0,202.0,242.0,/home/amir/Desktop/COGAR/COGAR_Foundation-Model-Segmentation-for-Robotic-Scenes/outputs/cogar_sim_500/sam_box_200/masks/row_0033_object_42_sam_mask.png,,0.9742447137832642,0.9408682634730539,cuda,vit_b
34,000003.png,43,data/cogar_sim_500/rgb/000003.png,/home/amir/Desktop/COGAR/COGAR_Foundation-Model-Segmentation-for-Robotic-Scenes/outputs/cogar_sim_500/gt_binary_masks/ann_00000043_img_000003_cat_connector.png,322.0,355.0,327.0,376.0,/home/amir/Desktop/COGAR/COGAR_Foundation-Model-Segmentation-for-Robotic-Scenes/outputs/cogar_sim_500/sam_box_200/masks/row_0034_object_43_sam_mask.png,,0.9169449210166931,0.7415730337078652,cuda,vit_b
35,000003.png,44,data/cogar_sim_500/rgb/000003.png,/home/amir/Desktop/COGAR/COGAR_Foundation-Model-Segmentation-for-Robotic-Scenes/outputs/cogar_sim_500/gt_binary_masks/ann_00000044_img_000003_cat_connector.png,158.0,189.0,183.0,231.0,/home/amir/Desktop/COGAR/COGAR_Foundation-Model-Segmentation-for-Robotic-Scenes/outputs/cogar_sim_500/sam_box_200/masks/row_0035_object_44_sam_mask.png,,0.9550492763519287,0.8796498905908097,cuda,vit_b
36,000003.png,45,data/cogar_sim_500/rgb/000003.png,/home/amir/Desktop/COGAR/COGAR_Foundation-Model-Segmentation-for-Robotic-Scenes/outputs/cogar_sim_500/gt_binary_masks/ann_00000045_img_000003_cat_screw.png,437.0,347.0,457.0,361.0,/home/amir/Desktop/COGAR/COGAR_Foundation-Model-Segmentation-for-Robotic-Scenes/outputs/cogar_sim_500/sam_box_200/masks/row_0036_object_45_sam_mask.png,,0.9624707102775574,0.9282296650717703,cuda,vit_b
37,000003.png,46,data/cogar_sim_500/rgb/000003.png,/home/amir/Desktop/COGAR/COGAR_Foundation-Model-Segmentation-for-Robotic-Scenes/outputs/cogar_sim_500/gt_binary_masks/ann_00000046_img_000003_cat_screw.png,272.0,131.0,286.0,146.0,/home/amir/Desktop/COGAR/COGAR_Foundation-Model-Segmentation-for-Robotic-Scenes/outputs/cogar_sim_500/sam_box_200/masks/row_0037_object_46_sam_mask.png,,0.7812076807022095,0.5121951219512195,cuda,vit_b
38,000003.png,47,data/cogar_sim_500/rgb/000003.png,/home/amir/Desktop/COGAR/COGAR_Foundation-Model-Segmentation-for-Robotic-Scenes/outputs/cogar_sim_500/gt_binary_masks/ann_00000047_img_000003_cat_screw.png,224.0,142.0,244.0,161.0,/home/amir/Desktop/COGAR/COGAR_Foundation-Model-Segmentation-for-Robotic-Scenes/outputs/cogar_sim_500/sam_box_200/masks/row_0038_object_47_sam_mask.png,,0.9542344212532043,0.927038626609442,cuda,vit_b
39,000003.png,48,data/cogar_sim_500/rgb/000003.png,/home/amir/Desktop/COGAR/COGAR_Foundation-Model-Segmentation-for-Robotic-Scenes/outputs/cogar_sim_500/gt_binary_masks/ann_00000048_img_000003_cat_cable.png,231.0,156.0,425.0,182.0,/home/amir/Desktop/COGAR/COGAR_Foundation-Model-Segmentation-for-Robotic-Scenes/outputs/cogar_sim_500/sam_box_200/masks/row_0039_object_48_sam_mask.png,,0.9309554100036621,0.9225531914893617,cuda,vit_b
40,000003.png,49,data/cogar_sim_500/rgb/000003.png,/home/amir/Desktop/COGAR/COGAR_Foundation-Model-Segmentation-for-Robotic-Scenes/outputs/cogar_sim_500/gt_binary_masks/ann_00000049_img_000003_cat_screw.png,394.0,282.0,419.0,301.0,/home/amir/Desktop/COGAR/COGAR_Foundation-Model-Segmentation-for-Robotic-Scenes/outputs/cogar_sim_500/sam_box_200/masks/row_0040_object_49_sam_mask.png,,0.9668329954147339,0.9408284023668639,cuda,vit_b
41,000003.png,50,data/cogar_sim_500/rgb/000003.png,/home/amir/Desktop/COGAR/COGAR_Foundation-Model-Segmentation-for-Robotic-Scenes/outputs/cogar_sim_500/gt_binary_masks/ann_00000050_img_000003_cat_connector.png,274.0,126.0,310.0,153.0,/home/amir/Desktop/COGAR/COGAR_Foundation-Model-Segmentation-for-Robotic-Scenes/outputs/cogar_sim_500/sam_box_200/masks/row_0041_object_50_sam_mask.png,,0.96673983335495,0.9319526627218935,cuda,vit_b
42,000003.png,51,data/cogar_sim_500/rgb/000003.png,/home/amir/Desktop/COGAR/COGAR_Foundation-Model-Segmentation-for-Robotic-Scenes/outputs/cogar_sim_500/gt_binary_masks/ann_00000051_img_000003_cat_connector.png,266.0,146.0,322.0,168.0,/home/amir/Desktop/COGAR/COGAR_Foundation-Model-Segmentation-for-Robotic-Scenes/outputs/cogar_sim_500/sam_box_200/masks/row_0042_object_51_sam_mask.png,,0.965359091758728,0.9422776911076443,cuda,vit_b
43,000003.png,52,data/cogar_sim_500/rgb/000003.png,/home/amir/Desktop/COGAR/COGAR_Foundation-Model-Segmentation-for-Robotic-Scenes/outputs/cogar_sim_500/gt_binary_masks/ann_00000052_img_000003_cat_screw.png,245.0,271.0,254.0,280.0,/home/amir/Desktop/COGAR/COGAR_Foundation-Model-Segmentation-for-Robotic-Scenes/outputs/cogar_sim_500/sam_box_200/masks/row_0043_object_52_sam_mask.png,,0.8900916576385498,0.7894736842105263,cuda,vit_b
44,000003.png,53,data/cogar_sim_500/rgb/000003.png,/home/amir/Desktop/COGAR/COGAR_Foundation-Model-Segmentation-for-Robotic-Scenes/outputs/cogar_sim_500/gt_binary_masks/ann_00000053_img_000003_cat_screw.png,364.0,207.0,392.0,223.0,/home/amir/Desktop/COGAR/COGAR_Foundation-Model-Segmentation-for-Robotic-Scenes/outputs/cogar_sim_500/sam_box_200/masks/row_0044_object_53_sam_mask.png,,0.9478376507759094,0.9254658385093167,cuda,vit_b
45,000003.png,54,data/cogar_sim_500/rgb/000003.png,/home/amir/Desktop/COGAR/COGAR_Foundation-Model-Segmentation-for-Robotic-Scenes/outputs/cogar_sim_500/gt_binary_masks/ann_00000054_img_000003_cat_cable.png,166.0,164.0,388.0,279.0,/home/amir/Desktop/COGAR/COGAR_Foundation-Model-Segmentation-for-Robotic-Scenes/outputs/cogar_sim_500/sam_box_200/masks/row_0045_object_54_sam_mask.png,,0.6178634762763977,0.6974656810982048,cuda,vit_b
46,000003.png,55,data/cogar_sim_500/rgb/000003.png,/home/amir/Desktop/COGAR/COGAR_Foundation-Model-Segmentation-for-Robotic-Scenes/outputs/cogar_sim_500/gt_binary_masks/ann_00000055_img_000003_cat_connector.png,253.0,155.0,296.0,186.0,/home/amir/Desktop/COGAR/COGAR_Foundation-Model-Segmentation-for-Robotic-Scenes/outputs/cogar_sim_500/sam_box_200/masks/row_0046_object_55_sam_mask.png,,0.9505609273910522,0.8971061093247589,cuda,vit_b
47,000003.png,56,data/cogar_sim_500/rgb/000003.png,/home/amir/Desktop/COGAR/COGAR_Foundation-Model-Segmentation-for-Robotic-Scenes/outputs/cogar_sim_500/gt_binary_masks/ann_00000056_img_000003_cat_connector.png,150.0,275.0,234.0,342.0,/home/amir/Desktop/COGAR/COGAR_Foundation-Model-Segmentation-for-Robotic-Scenes/outputs/cogar_sim_500/sam_box_200/masks/row_0047_object_56_sam_mask.png,,0.9771463871002197,0.9693047337278107,cuda,vit_b
48,000003.png,57,data/cogar_sim_500/rgb/000003.png,/home/amir/Desktop/COGAR/COGAR_Foundation-Model-Segmentation-for-Robotic-Scenes/outputs/cogar_sim_500/gt_binary_masks/ann_00000057_img_000003_cat_screw.png,93.0,196.0,110.0,210.0,/home/amir/Desktop/COGAR/COGAR_Foundation-Model-Segmentation-for-Robotic-Scenes/outputs/cogar_sim_500/sam_box_200/masks/row_0048_object_57_sam_mask.png,,0.9459875822067261,0.9396984924623115,cuda,vit_b
49,000003.png,58,data/cogar_sim_500/rgb/000003.png,/home/amir/Desktop/COGAR/COGAR_Foundation-Model-Segmentation-for-Robotic-Scenes/outputs/cogar_sim_500/gt_binary_masks/ann_00000058_img_000003_cat_cable.png,161.0,192.0,192.0,394.0,/home/amir/Desktop/COGAR/COGAR_Foundation-Model-Segmentation-for-Robotic-Scenes/outputs/cogar_sim_500/sam_box_200/masks/row_0049_object_58_sam_mask.png,,0.9411929845809937,0.41597915762049503,cuda,vit_b
50,000003.png,59,data/cogar_sim_500/rgb/000003.png,/home/amir/Desktop/COGAR/COGAR_Foundation-Model-Segmentation-for-Robotic-Scenes/outputs/cogar_sim_500/gt_binary_masks/ann_00000059_img_000003_cat_metal_part.png,261.0,165.0,355.0,267.0,/home/amir/Desktop/COGAR/COGAR_Foundation-Model-Segmentation-for-Robotic-Scenes/outputs/cogar_sim_500/sam_box_200/masks/row_0050_object_59_sam_mask.png,,0.9848349094390869,0.9676491732566499,cuda,vit_b
51,000003.png,60,data/cogar_sim_500/rgb/000003.png,/home/amir/Desktop/COGAR/COGAR_Foundation-Model-Segmentation-for-Robotic-Scenes/outputs/cogar_sim_500/gt_binary_masks/ann_00000060_img_000003_cat_screw.png,403.0,230.0,427.0,241.0,/home/amir/Desktop/COGAR/COGAR_Foundation-Model-Segmentation-for-Robotic-Scenes/outputs/cogar_sim_500/sam_box_200/masks/row_0051_object_60_sam_mask.png,,0.9293201565742493,0.8663366336633663,cuda,vit_b
52,000003.png,61,data/cogar_sim_500/rgb/000003.png,/home/amir/Desktop/COGAR/COGAR_Foundation-Model-Segmentation-for-Robotic-Scenes/outputs/cogar_sim_500/gt_binary_masks/ann_00000061_img_000003_cat_connector.png,153.0,242.0,219.0,294.0,/home/amir/Desktop/COGAR/COGAR_Foundation-Model-Segmentation-for-Robotic-Scenes/outputs/cogar_sim_500/sam_box_200/masks/row_0052_object_61_sam_mask.png,,0.9333476424217224,0.9296987087517934,cuda,vit_b
53,000003.png,62,data/cogar_sim_500/rgb/000003.png,/home/amir/Desktop/COGAR/COGAR_Foundation-Model-Segmentation-for-Robotic-Scenes/outputs/cogar_sim_500/gt_binary_masks/ann_00000062_img_000003_cat_screw.png,464.0,259.0,488.0,277.0,/home/amir/Desktop/COGAR/COGAR_Foundation-Model-Segmentation-for-Robotic-Scenes/outputs/cogar_sim_500/sam_box_200/masks/row_0053_object_62_sam_mask.png,,0.9516236782073975,0.91015625,cuda,vit_b
54,000003.png,63,data/cogar_sim_500/rgb/000003.png,/home/amir/Desktop/COGAR/COGAR_Foundation-Model-Segmentation-for-Robotic-Scenes/outputs/cogar_sim_500/gt_binary_masks/ann_00000063_img_000003_cat_connector.png,211.0,243.0,242.0,289.0,/home/amir/Desktop/COGAR/COGAR_Foundation-Model-Segmentation-for-Robotic-Scenes/outputs/cogar_sim_500/sam_box_200/masks/row_0054_object_63_sam_mask.png,,0.959736168384552,0.9501039501039501,cuda,vit_b
55,000003.png,64,data/cogar_sim_500/rgb/000003.png,/home/amir/Desktop/COGAR/COGAR_Foundation-Model-Segmentation-for-Robotic-Scenes/outputs/cogar_sim_500/gt_binary_masks/ann_00000064_img_000003_cat_screw.png,411.0,201.0,426.0,221.0,/home/amir/Desktop/COGAR/COGAR_Foundation-Model-Segmentation-for-Robotic-Scenes/outputs/cogar_sim_500/sam_box_200/masks/row_0055_object_64_sam_mask.png,,0.9666376113891602,0.9534883720930233,cuda,vit_b
56,000003.png,65,data/cogar_sim_500/rgb/000003.png,/home/amir/Desktop/COGAR/COGAR_Foundation-Model-Segmentation-for-Robotic-Scenes/outputs/cogar_sim_500/gt_binary_masks/ann_00000065_img_000003_cat_box.png,183.0,249.0,349.0,449.0,/home/amir/Desktop/COGAR/COGAR_Foundation-Model-Segmentation-for-Robotic-Scenes/outputs/cogar_sim_500/sam_box_200/masks/row_0056_object_65_sam_mask.png,,0.998849630355835,0.9873574144486692,cuda,vit_b
57,000003.png,66,data/cogar_sim_500/rgb/000003.png,/home/amir/Desktop/COGAR/COGAR_Foundation-Model-Segmentation-for-Robotic-Scenes/outputs/cogar_sim_500/gt_binary_masks/ann_00000066_img_000003_cat_screw.png,412.0,222.0,428.0,241.0,/home/amir/Desktop/COGAR/COGAR_Foundation-Model-Segmentation-for-Robotic-Scenes/outputs/cogar_sim_500/sam_box_200/masks/row_0057_object_66_sam_mask.png,,0.9446898102760315,0.43190661478599224,cuda,vit_b
58,000003.png,67,data/cogar_sim_500/rgb/000003.png,/home/amir/Desktop/COGAR/COGAR_Foundation-Model-Segmentation-for-Robotic-Scenes/outputs/cogar_sim_500/gt_binary_masks/ann_00000067_img_000003_cat_plastic_object.png,326.0,328.0,427.0,455.0,/home/amir/Desktop/COGAR/COGAR_Foundation-Model-Segmentation-for-Robotic-Scenes/outputs/cogar_sim_500/sam_box_200/masks/row_0058_object_67_sam_mask.png,,0.8828633427619934,0.9590328238536707,cuda,vit_b
59,000003.png,68,data/cogar_sim_500/rgb/000003.png,/home/amir/Desktop/COGAR/COGAR_Foundation-Model-Segmentation-for-Robotic-Scenes/outputs/cogar_sim_500/gt_binary_masks/ann_00000068_img_000003_cat_screw.png,171.0,187.0,178.0,189.0,/home/amir/Desktop/COGAR/COGAR_Foundation-Model-Segmentation-for-Robotic-Scenes/outputs/cogar_sim_500/sam_box_200/masks/row_0059_object_68_sam_mask.png,,0.8051403760910034,1.0,cuda,vit_b
60,000003.png,69,data/cogar_sim_500/rgb/000003.png,/home/amir/Desktop/COGAR/COGAR_Foundation-Model-Segmentation-for-Robotic-Scenes/outputs/cogar_sim_500/gt_binary_masks/ann_00000069_img_000003_cat_screw.png,367.0,258.0,380.0,274.0,/home/amir/Desktop/COGAR/COGAR_Foundation-Model-Segmentation-for-Robotic-Scenes/outputs/cogar_sim_500/sam_box_200/masks/row_0060_object_69_sam_mask.png,,0.8044189214706421,0.44029850746268656,cuda,vit_b
61,000004.png,71,data/cogar_sim_500/rgb/000004.png,/home/amir/Desktop/COGAR/COGAR_Foundation-Model-Segmentation-for-Robotic-Scenes/outputs/cogar_sim_500/gt_binary_masks/ann_00000071_img_000004_cat_connector.png,595.0,236.0,640.0,320.0,/home/amir/Desktop/COGAR/COGAR_Foundation-Model-Segmentation-for-Robotic-Scenes/outputs/cogar_sim_500/sam_box_200/masks/row_0061_object_71_sam_mask.png,,0.9858294129371643,0.989522700814901,cuda,vit_b
62,000004.png,72,data/cogar_sim_500/rgb/000004.png,/home/amir/Desktop/COGAR/COGAR_Foundation-Model-Segmentation-for-Robotic-Scenes/outputs/cogar_sim_500/gt_binary_masks/ann_00000072_img_000004_cat_cable.png,233.0,78.0,434.0,220.0,/home/amir/Desktop/COGAR/COGAR_Foundation-Model-Segmentation-for-Robotic-Scenes/outputs/cogar_sim_500/sam_box_200/masks/row_0062_object_72_sam_mask.png,,0.9776594042778015,0.9258630447085455,cuda,vit_b
63,000004.png,73,data/cogar_sim_500/rgb/000004.png,/home/amir/Desktop/COGAR/COGAR_Foundation-Model-Segmentation-for-Robotic-Scenes/outputs/cogar_sim_500/gt_binary_masks/ann_00000073_img_000004_cat_metal_part.png,625.0,349.0,640.0,417.0,/home/amir/Desktop/COGAR/COGAR_Foundation-Model-Segmentation-for-Robotic-Scenes/outputs/cogar_sim_500/sam_box_200/masks/row_0063_object_73_sam_mask.png,,0.9668800234794617,0.9542124542124543,cuda,vit_b
64,000004.png,74,data/cogar_sim_500/rgb/000004.png,/home/amir/Desktop/COGAR/COGAR_Foundation-Model-Segmentation-for-Robotic-Scenes/outputs/cogar_sim_500/gt_binary_masks/ann_00000074_img_000004_cat_cable.png,432.0,53.0,640.0,223.0,/home/amir/Desktop/COGAR/COGAR_Foundation-Model-Segmentation-for-Robotic-Scenes/outputs/cogar_sim_500/sam_box_200/masks/row_0064_object_74_sam_mask.png,,0.9868606328964233,0.8804007514088916,cuda,vit_b
65,000004.png,75,data/cogar_sim_500/rgb/000004.png,/home/amir/Desktop/COGAR/COGAR_Foundation-Model-Segmentation-for-Robotic-Scenes/outputs/cogar_sim_500/gt_binary_masks/ann_00000075_img_000004_cat_plastic_object.png,208.0,61.0,302.0,162.0,/home/amir/Desktop/COGAR/COGAR_Foundation-Model-Segmentation-for-Robotic-Scenes/outputs/cogar_sim_500/sam_box_200/masks/row_0065_object_75_sam_mask.png,,0.9881377220153809,0.9889891217829663,cuda,vit_b
66,000004.png,76,data/cogar_sim_500/rgb/000004.png,/home/amir/Desktop/COGAR/COGAR_Foundation-Model-Segmentation-for-Robotic-Scenes/outputs/cogar_sim_500/gt_binary_masks/ann_00000076_img_000004_cat_connector.png,75.0,244.0,171.0,298.0,/home/amir/Desktop/COGAR/COGAR_Foundation-Model-Segmentation-for-Robotic-Scenes/outputs/cogar_sim_500/sam_box_200/masks/row_0066_object_76_sam_mask.png,,0.9749632477760315,0.9834648628335212,cuda,vit_b
67,000004.png,77,data/cogar_sim_500/rgb/000004.png,/home/amir/Desktop/COGAR/COGAR_Foundation-Model-Segmentation-for-Robotic-Scenes/outputs/cogar_sim_500/gt_binary_masks/ann_00000077_img_000004_cat_plastic_object.png,370.0,70.0,416.0,141.0,/home/amir/Desktop/COGAR/COGAR_Foundation-Model-Segmentation-for-Robotic-Scenes/outputs/cogar_sim_500/sam_box_200/masks/row_0067_object_77_sam_mask.png,,0.9798657894134521,0.9835745013687915,cuda,vit_b
68,000004.png,78,data/cogar_sim_500/rgb/000004.png,/home/amir/Desktop/COGAR/COGAR_Foundation-Model-Segmentation-for-Robotic-Scenes/outputs/cogar_sim_500/gt_binary_masks/ann_00000078_img_000004_cat_cable.png,39.0,233.0,314.0,396.0,/home/amir/Desktop/COGAR/COGAR_Foundation-Model-Segmentation-for-Robotic-Scenes/outputs/cogar_sim_500/sam_box_200/masks/row_0068_object_78_sam_mask.png,,0.6855345368385315,0.5605743344301526,cuda,vit_b
69,000004.png,79,data/cogar_sim_500/rgb/000004.png,/home/amir/Desktop/COGAR/COGAR_Foundation-Model-Segmentation-for-Robotic-Scenes/outputs/cogar_sim_500/gt_binary_masks/ann_00000079_img_000004_cat_plastic_object.png,184.0,371.0,292.0,480.0,/home/amir/Desktop/COGAR/COGAR_Foundation-Model-Segmentation-for-Robotic-Scenes/outputs/cogar_sim_500/sam_box_200/masks/row_0069_object_79_sam_mask.png,,0.98555988073349,0.813312118801379,cuda,vit_b
70,000004.png,80,data/cogar_sim_500/rgb/000004.png,/home/amir/Desktop/COGAR/COGAR_Foundation-Model-Segmentation-for-Robotic-Scenes/outputs/cogar_sim_500/gt_binary_masks/ann_00000080_img_000004_cat_tool.png,310.0,12.0,640.0,130.0,/home/amir/Desktop/COGAR/COGAR_Foundation-Model-Segmentation-for-Robotic-Scenes/outputs/cogar_sim_500/sam_box_200/masks/row_0070_object_80_sam_mask.png,,0.9928278923034668,0.9672092100039699,cuda,vit_b
71,000004.png,81,data/cogar_sim_500/rgb/000004.png,/home/amir/Desktop/COGAR/COGAR_Foundation-Model-Segmentation-for-Robotic-Scenes/outputs/cogar_sim_500/gt_binary_masks/ann_00000081_img_000004_cat_cable.png,186.0,300.0,265.0,480.0,/home/amir/Desktop/COGAR/COGAR_Foundation-Model-Segmentation-for-Robotic-Scenes/outputs/cogar_sim_500/sam_box_200/masks/row_0071_object_81_sam_mask.png,,0.9702077507972717,0.9390708301599391,cuda,vit_b
72,000004.png,82,data/cogar_sim_500/rgb/000004.png,/home/amir/Desktop/COGAR/COGAR_Foundation-Model-Segmentation-for-Robotic-Scenes/outputs/cogar_sim_500/gt_binary_masks/ann_00000082_img_000004_cat_metal_part.png,423.0,57.0,498.0,130.0,/home/amir/Desktop/COGAR/COGAR_Foundation-Model-Segmentation-for-Robotic-Scenes/outputs/cogar_sim_500/sam_box_200/masks/row_0072_object_82_sam_mask.png,,0.9785007238388062,0.9738330975954739,cuda,vit_b
73,000004.png,83,data/cogar_sim_500/rgb/000004.png,/home/amir/Desktop/COGAR/COGAR_Foundation-Model-Segmentation-for-Robotic-Scenes/outputs/cogar_sim_500/gt_binary_masks/ann_00000083_img_000004_cat_plastic_object.png,217.0,432.0,291.0,480.0,/home/amir/Desktop/COGAR/COGAR_Foundation-Model-Segmentation-for-Robotic-Scenes/outputs/cogar_sim_500/sam_box_200/masks/row_0073_object_83_sam_mask.png,,0.9828211665153503,0.8823124569855472,cuda,vit_b
74,000004.png,84,data/cogar_sim_500/rgb/000004.png,/home/amir/Desktop/COGAR/COGAR_Foundation-Model-Segmentation-for-Robotic-Scenes/outputs/cogar_sim_500/gt_binary_masks/ann_00000084_img_000004_cat_plastic_object.png,158.0,284.0,241.0,342.0,/home/amir/Desktop/COGAR/COGAR_Foundation-Model-Segmentation-for-Robotic-Scenes/outputs/cogar_sim_500/sam_box_200/masks/row_0074_object_84_sam_mask.png,,0.9809225797653198,0.9809136420525657,cuda,vit_b
75,000004.png,85,data/cogar_sim_500/rgb/000004.png,/home/amir/Desktop/COGAR/COGAR_Foundation-Model-Segmentation-for-Robotic-Scenes/outputs/cogar_sim_500/gt_binary_masks/ann_00000085_img_000004_cat_cable.png,93.0,249.0,425.0,285.0,/home/amir/Desktop/COGAR/COGAR_Foundation-Model-Segmentation-for-Robotic-Scenes/outputs/cogar_sim_500/sam_box_200/masks/row_0075_object_85_sam_mask.png,,0.9089169502258301,0.6588602654176424,cuda,vit_b
76,000004.png,86,data/cogar_sim_500/rgb/000004.png,/home/amir/Desktop/COGAR/COGAR_Foundation-Model-Segmentation-for-Robotic-Scenes/outputs/cogar_sim_500/gt_binary_masks/ann_00000086_img_000004_cat_plastic_object.png,235.0,286.0,288.0,310.0,/home/amir/Desktop/COGAR/COGAR_Foundation-Model-Segmentation-for-Robotic-Scenes/outputs/cogar_sim_500/sam_box_200/masks/row_0076_object_86_sam_mask.png,,0.9733386039733887,0.8921933085501859,cuda,vit_b
77,000004.png,87,data/cogar_sim_500/rgb/000004.png,/home/amir/Desktop/COGAR/COGAR_Foundation-Model-Segmentation-for-Robotic-Scenes/outputs/cogar_sim_500/gt_binary_masks/ann_00000087_img_000004_cat_connector.png,192.0,344.0,254.0,419.0,/home/amir/Desktop/COGAR/COGAR_Foundation-Model-Segmentation-for-Robotic-Scenes/outputs/cogar_sim_500/sam_box_200/masks/row_0077_object_87_sam_mask.png,,0.9792758226394653,0.9569120287253142,cuda,vit_b
78,000004.png,88,data/cogar_sim_500/rgb/000004.png,/home/amir/Desktop/COGAR/COGAR_Foundation-Model-Segmentation-for-Robotic-Scenes/outputs/cogar_sim_500/gt_binary_masks/ann_00000088_img_000004_cat_robot_gripper.png,160.0,198.0,597.0,384.0,/home/amir/Desktop/COGAR/COGAR_Foundation-Model-Segmentation-for-Robotic-Scenes/outputs/cogar_sim_500/sam_box_200/masks/row_0078_object_88_sam_mask.png,,0.994300365447998,0.9772935779816514,cuda,vit_b
79,000004.png,89,data/cogar_sim_500/rgb/000004.png,/home/amir/Desktop/COGAR/COGAR_Foundation-Model-Segmentation-for-Robotic-Scenes/outputs/cogar_sim_500/gt_binary_masks/ann_00000089_img_000004_cat_robot_gripper.png,295.0,307.0,348.0,366.0,/home/amir/Desktop/COGAR/COGAR_Foundation-Model-Segmentation-for-Robotic-Scenes/outputs/cogar_sim_500/sam_box_200/masks/row_0079_object_89_sam_mask.png,,0.9805577397346497,0.9728419010669254,cuda,vit_b
80,000005.png,92,data/cogar_sim_500/rgb/000005.png,/home/amir/Desktop/COGAR/COGAR_Foundation-Model-Segmentation-for-Robotic-Scenes/outputs/cogar_sim_500/gt_binary_masks/ann_00000092_img_000005_cat_box.png,314.0,179.0,486.0,328.0,/home/amir/Desktop/COGAR/COGAR_Foundation-Model-Segmentation-for-Robotic-Scenes/outputs/cogar_sim_500/sam_box_200/masks/row_0080_object_92_sam_mask.png,,0.9707332253456116,0.9716759055357278,cuda,vit_b
81,000005.png,93,data/cogar_sim_500/rgb/000005.png,/home/amir/Desktop/COGAR/COGAR_Foundation-Model-Segmentation-for-Robotic-Scenes/outputs/cogar_sim_500/gt_binary_masks/ann_00000093_img_000005_cat_tool.png,36.0,219.0,253.0,252.0,/home/amir/Desktop/COGAR/COGAR_Foundation-Model-Segmentation-for-Robotic-Scenes/outputs/cogar_sim_500/sam_box_200/masks/row_0081_object_93_sam_mask.png,,0.9828306436538696,0.9344782527534068,cuda,vit_b
82,000005.png,94,data/cogar_sim_500/rgb/000005.png,/home/amir/Desktop/COGAR/COGAR_Foundation-Model-Segmentation-for-Robotic-Scenes/outputs/cogar_sim_500/gt_binary_masks/ann_00000094_img_000005_cat_tool.png,286.0,213.0,290.0,218.0,/home/amir/Desktop/COGAR/COGAR_Foundation-Model-Segmentation-for-Robotic-Scenes/outputs/cogar_sim_500/sam_box_200/masks/row_0082_object_94_sam_mask.png,,0.8314809203147888,0.8,cuda,vit_b
83,000005.png,95,data/cogar_sim_500/rgb/000005.png,/home/amir/Desktop/COGAR/COGAR_Foundation-Model-Segmentation-for-Robotic-Scenes/outputs/cogar_sim_500/gt_binary_masks/ann_00000095_img_000005_cat_metal_part.png,214.0,205.0,321.0,315.0,/home/amir/Desktop/COGAR/COGAR_Foundation-Model-Segmentation-for-Robotic-Scenes/outputs/cogar_sim_500/sam_box_200/masks/row_0083_object_95_sam_mask.png,,0.9826844334602356,0.953307392996109,cuda,vit_b
84,000005.png,96,data/cogar_sim_500/rgb/000005.png,/home/amir/Desktop/COGAR/COGAR_Foundation-Model-Segmentation-for-Robotic-Scenes/outputs/cogar_sim_500/gt_binary_masks/ann_00000096_img_000005_cat_metal_part.png,342.0,244.0,414.0,359.0,/home/amir/Desktop/COGAR/COGAR_Foundation-Model-Segmentation-for-Robotic-Scenes/outputs/cogar_sim_500/sam_box_200/masks/row_0084_object_96_sam_mask.png,,0.9870513677597046,0.9765650080256821,cuda,vit_b
85,000005.png,97,data/cogar_sim_500/rgb/000005.png,/home/amir/Desktop/COGAR/COGAR_Foundation-Model-Segmentation-for-Robotic-Scenes/outputs/cogar_sim_500/gt_binary_masks/ann_00000097_img_000005_cat_box.png,419.0,155.0,577.0,289.0,/home/amir/Desktop/COGAR/COGAR_Foundation-Model-Segmentation-for-Robotic-Scenes/outputs/cogar_sim_500/sam_box_200/masks/row_0085_object_97_sam_mask.png,,0.9837567806243896,0.9707746478873239,cuda,vit_b
86,000005.png,98,data/cogar_sim_500/rgb/000005.png,/home/amir/Desktop/COGAR/COGAR_Foundation-Model-Segmentation-for-Robotic-Scenes/outputs/cogar_sim_500/gt_binary_masks/ann_00000098_img_000005_cat_tool.png,178.0,284.0,476.0,351.0,/home/amir/Desktop/COGAR/COGAR_Foundation-Model-Segmentation-for-Robotic-Scenes/outputs/cogar_sim_500/sam_box_200/masks/row_0086_object_98_sam_mask.png,,0.9757015705108643,0.9578449905482042,cuda,vit_b
87,000005.png,99,data/cogar_sim_500/rgb/000005.png,/home/amir/Desktop/COGAR/COGAR_Foundation-Model-Segmentation-for-Robotic-Scenes/outputs/cogar_sim_500/gt_binary_masks/ann_00000099_img_000005_cat_tool.png,574.0,226.0,635.0,250.0,/home/amir/Desktop/COGAR/COGAR_Foundation-Model-Segmentation-for-Robotic-Scenes/outputs/cogar_sim_500/sam_box_200/masks/row_0087_object_99_sam_mask.png,,0.9693742990493774,0.9459002535925612,cuda,vit_b
88,000005.png,100,data/cogar_sim_500/rgb/000005.png,/home/amir/Desktop/COGAR/COGAR_Foundation-Model-Segmentation-for-Robotic-Scenes/outputs/cogar_sim_500/gt_binary_masks/ann_00000100_img_000005_cat_tool.png,252.0,216.0,255.0,223.0,/home/amir/Desktop/COGAR/COGAR_Foundation-Model-Segmentation-for-Robotic-Scenes/outputs/cogar_sim_500/sam_box_200/masks/row_0088_object_100_sam_mask.png,,0.7944865226745605,0.6363636363636364,cuda,vit_b
89,000005.png,101,data/cogar_sim_500/rgb/000005.png,/home/amir/Desktop/COGAR/COGAR_Foundation-Model-Segmentation-for-Robotic-Scenes/outputs/cogar_sim_500/gt_binary_masks/ann_00000101_img_000005_cat_plastic_object.png,401.0,264.0,460.0,346.0,/home/amir/Desktop/COGAR/COGAR_Foundation-Model-Segmentation-for-Robotic-Scenes/outputs/cogar_sim_500/sam_box_200/masks/row_0089_object_101_sam_mask.png,,0.9752607345581055,0.9856850715746421,cuda,vit_b
90,000005.png,102,data/cogar_sim_500/rgb/000005.png,/home/amir/Desktop/COGAR/COGAR_Foundation-Model-Segmentation-for-Robotic-Scenes/outputs/cogar_sim_500/gt_binary_masks/ann_00000102_img_000005_cat_plastic_object.png,520.0,267.0,587.0,355.0,/home/amir/Desktop/COGAR/COGAR_Foundation-Model-Segmentation-for-Robotic-Scenes/outputs/cogar_sim_500/sam_box_200/masks/row_0090_object_102_sam_mask.png,,0.9862844944000244,0.9867075664621677,cuda,vit_b
91,000005.png,103,data/cogar_sim_500/rgb/000005.png,/home/amir/Desktop/COGAR/COGAR_Foundation-Model-Segmentation-for-Robotic-Scenes/outputs/cogar_sim_500/gt_binary_masks/ann_00000103_img_000005_cat_plastic_object.png,570.0,199.0,591.0,250.0,/home/amir/Desktop/COGAR/COGAR_Foundation-Model-Segmentation-for-Robotic-Scenes/outputs/cogar_sim_500/sam_box_200/masks/row_0091_object_103_sam_mask.png,,0.9680737853050232,0.9675036927621861,cuda,vit_b
92,000005.png,104,data/cogar_sim_500/rgb/000005.png,/home/amir/Desktop/COGAR/COGAR_Foundation-Model-Segmentation-for-Robotic-Scenes/outputs/cogar_sim_500/gt_binary_masks/ann_00000104_img_000005_cat_cable.png,464.0,298.0,513.0,365.0,/home/amir/Desktop/COGAR/COGAR_Foundation-Model-Segmentation-for-Robotic-Scenes/outputs/cogar_sim_500/sam_box_200/masks/row_0092_object_104_sam_mask.png,,0.9483261108398438,0.818686401480111,cuda,vit_b
93,000005.png,105,data/cogar_sim_500/rgb/000005.png,/home/amir/Desktop/COGAR/COGAR_Foundation-Model-Segmentation-for-Robotic-Scenes/outputs/cogar_sim_500/gt_binary_masks/ann_00000105_img_000005_cat_box.png,128.0,143.0,276.0,226.0,/home/amir/Desktop/COGAR/COGAR_Foundation-Model-Segmentation-for-Robotic-Scenes/outputs/cogar_sim_500/sam_box_200/masks/row_0093_object_105_sam_mask.png,,0.9677665829658508,0.9693991097922848,cuda,vit_b
94,000005.png,106,data/cogar_sim_500/rgb/000005.png,/home/amir/Desktop/COGAR/COGAR_Foundation-Model-Segmentation-for-Robotic-Scenes/outputs/cogar_sim_500/gt_binary_masks/ann_00000106_img_000005_cat_tool.png,186.0,269.0,314.0,304.0,/home/amir/Desktop/COGAR/COGAR_Foundation-Model-Segmentation-for-Robotic-Scenes/outputs/cogar_sim_500/sam_box_200/masks/row_0094_object_106_sam_mask.png,,0.9441631436347961,0.8908327501749476,cuda,vit_b
95,000005.png,107,data/cogar_sim_500/rgb/000005.png,/home/amir/Desktop/COGAR/COGAR_Foundation-Model-Segmentation-for-Robotic-Scenes/outputs/cogar_sim_500/gt_binary_masks/ann_00000107_img_000005_cat_screw.png,247.0,309.0,255.0,311.0,/home/amir/Desktop/COGAR/COGAR_Foundation-Model-Segmentation-for-Robotic-Scenes/outputs/cogar_sim_500/sam_box_200/masks/row_0095_object_107_sam_mask.png,,0.7413098216056824,0.625,cuda,vit_b
96,000005.png,108,data/cogar_sim_500/rgb/000005.png,/home/amir/Desktop/COGAR/COGAR_Foundation-Model-Segmentation-for-Robotic-Scenes/outputs/cogar_sim_500/gt_binary_masks/ann_00000108_img_000005_cat_tool.png,50.0,249.0,240.0,346.0,/home/amir/Desktop/COGAR/COGAR_Foundation-Model-Segmentation-for-Robotic-Scenes/outputs/cogar_sim_500/sam_box_200/masks/row_0096_object_108_sam_mask.png,,0.9663026332855225,0.9236382148311556,cuda,vit_b
97,000005.png,109,data/cogar_sim_500/rgb/000005.png,/home/amir/Desktop/COGAR/COGAR_Foundation-Model-Segmentation-for-Robotic-Scenes/outputs/cogar_sim_500/gt_binary_masks/ann_00000109_img_000005_cat_robot_gripper.png,149.0,104.0,390.0,211.0,/home/amir/Desktop/COGAR/COGAR_Foundation-Model-Segmentation-for-Robotic-Scenes/outputs/cogar_sim_500/sam_box_200/masks/row_0097_object_109_sam_mask.png,,0.999199390411377,0.9515908647276986,cuda,vit_b
98,000005.png,110,data/cogar_sim_500/rgb/000005.png,/home/amir/Desktop/COGAR/COGAR_Foundation-Model-Segmentation-for-Robotic-Scenes/outputs/cogar_sim_500/gt_binary_masks/ann_00000110_img_000005_cat_robot_gripper.png,206.0,113.0,252.0,254.0,/home/amir/Desktop/COGAR/COGAR_Foundation-Model-Segmentation-for-Robotic-Scenes/outputs/cogar_sim_500/sam_box_200/masks/row_0098_object_110_sam_mask.png,,0.9588510990142822,0.8699936427209154,cuda,vit_b
99,000005.png,111,data/cogar_sim_500/rgb/000005.png,/home/amir/Desktop/COGAR/COGAR_Foundation-Model-Segmentation-for-Robotic-Scenes/outputs/cogar_sim_500/gt_binary_masks/ann_00000111_img_000005_cat_robot_gripper.png,290.0,124.0,330.0,232.0,/home/amir/Desktop/COGAR/COGAR_Foundation-Model-Segmentation-for-Robotic-Scenes/outputs/cogar_sim_500/sam_box_200/masks/row_0099_object_111_sam_mask.png,,0.9065700173377991,0.8469483568075117,cuda,vit_b
100,000006.png,114,data/cogar_sim_500/rgb/000006.png,/home/amir/Desktop/COGAR/COGAR_Foundation-Model-Segmentation-for-Robotic-Scenes/outputs/cogar_sim_500/gt_binary_masks/ann_00000114_img_000006_cat_plastic_object.png,207.0,115.0,263.0,167.0,/home/amir/Desktop/COGAR/COGAR_Foundation-Model-Segmentation-for-Robotic-Scenes/outputs/cogar_sim_500/sam_box_200/masks/row_0100_object_114_sam_mask.png,,0.961691677570343,0.9372599231754162,cuda,vit_b
101,000006.png,115,data/cogar_sim_500/rgb/000006.png,/home/amir/Desktop/COGAR/COGAR_Foundation-Model-Segmentation-for-Robotic-Scenes/outputs/cogar_sim_500/gt_binary_masks/ann_00000115_img_000006_cat_connector.png,88.0,91.0,173.0,142.0,/home/amir/Desktop/COGAR/COGAR_Foundation-Model-Segmentation-for-Robotic-Scenes/outputs/cogar_sim_500/sam_box_200/masks/row_0101_object_115_sam_mask.png,,0.9489250183105469,0.9477871705619095,cuda,vit_b
102,000006.png,116,data/cogar_sim_500/rgb/000006.png,/home/amir/Desktop/COGAR/COGAR_Foundation-Model-Segmentation-for-Robotic-Scenes/outputs/cogar_sim_500/gt_binary_masks/ann_00000116_img_000006_cat_glass_object.png,561.0,269.0,640.0,327.0,/home/amir/Desktop/COGAR/COGAR_Foundation-Model-Segmentation-for-Robotic-Scenes/outputs/cogar_sim_500/sam_box_200/masks/row_0102_object_116_sam_mask.png,,0.9400289058685303,0.8664951400800457,cuda,vit_b
103,000006.png,117,data/cogar_sim_500/rgb/000006.png,/home/amir/Desktop/COGAR/COGAR_Foundation-Model-Segmentation-for-Robotic-Scenes/outputs/cogar_sim_500/gt_binary_masks/ann_00000117_img_000006_cat_metal_part.png,218.0,211.0,275.0,268.0,/home/amir/Desktop/COGAR/COGAR_Foundation-Model-Segmentation-for-Robotic-Scenes/outputs/cogar_sim_500/sam_box_200/masks/row_0103_object_117_sam_mask.png,,0.9711290597915649,0.9548387096774194,cuda,vit_b
104,000006.png,118,data/cogar_sim_500/rgb/000006.png,/home/amir/Desktop/COGAR/COGAR_Foundation-Model-Segmentation-for-Robotic-Scenes/outputs/cogar_sim_500/gt_binary_masks/ann_00000118_img_000006_cat_plastic_object.png,212.0,324.0,289.0,395.0,/home/amir/Desktop/COGAR/COGAR_Foundation-Model-Segmentation-for-Robotic-Scenes/outputs/cogar_sim_500/sam_box_200/masks/row_0104_object_118_sam_mask.png,,0.9827200174331665,0.9796786389413988,cuda,vit_b
105,000006.png,119,data/cogar_sim_500/rgb/000006.png,/home/amir/Desktop/COGAR/COGAR_Foundation-Model-Segmentation-for-Robotic-Scenes/outputs/cogar_sim_500/gt_binary_masks/ann_00000119_img_000006_cat_glass_object.png,422.0,0.0,534.0,93.0,/home/amir/Desktop/COGAR/COGAR_Foundation-Model-Segmentation-for-Robotic-Scenes/outputs/cogar_sim_500/sam_box_200/masks/row_0105_object_119_sam_mask.png,,0.9611279368400574,0.9634486149811506,cuda,vit_b
106,000006.png,120,data/cogar_sim_500/rgb/000006.png,/home/amir/Desktop/COGAR/COGAR_Foundation-Model-Segmentation-for-Robotic-Scenes/outputs/cogar_sim_500/gt_binary_masks/ann_00000120_img_000006_cat_cable.png,105.0,264.0,250.0,480.0,/home/amir/Desktop/COGAR/COGAR_Foundation-Model-Segmentation-for-Robotic-Scenes/outputs/cogar_sim_500/sam_box_200/masks/row_0106_object_120_sam_mask.png,,0.977989673614502,0.9520208604954368,cuda,vit_b
107,000006.png,121,data/cogar_sim_500/rgb/000006.png,/home/amir/Desktop/COGAR/COGAR_Foundation-Model-Segmentation-for-Robotic-Scenes/outputs/cogar_sim_500/gt_binary_masks/ann_00000121_img_000006_cat_glass_object.png,382.0,66.0,542.0,182.0,/home/amir/Desktop/COGAR/COGAR_Foundation-Model-Segmentation-for-Robotic-Scenes/outputs/cogar_sim_500/sam_box_200/masks/row_0107_object_121_sam_mask.png,,0.949500322341919,0.9389569554374932,cuda,vit_b
108,000006.png,122,data/cogar_sim_500/rgb/000006.png,/home/amir/Desktop/COGAR/COGAR_Foundation-Model-Segmentation-for-Robotic-Scenes/outputs/cogar_sim_500/gt_binary_masks/ann_00000122_img_000006_cat_glass_object.png,521.0,110.0,564.0,186.0,/home/amir/Desktop/COGAR/COGAR_Foundation-Model-Segmentation-for-Robotic-Scenes/outputs/cogar_sim_500/sam_box_200/masks/row_0108_object_122_sam_mask.png,,0.9760879278182983,0.9588713534194165,cuda,vit_b
109,000006.png,123,data/cogar_sim_500/rgb/000006.png,/home/amir/Desktop/COGAR/COGAR_Foundation-Model-Segmentation-for-Robotic-Scenes/outputs/cogar_sim_500/gt_binary_masks/ann_00000123_img_000006_cat_box.png,264.0,217.0,418.0,300.0,/home/amir/Desktop/COGAR/COGAR_Foundation-Model-Segmentation-for-Robotic-Scenes/outputs/cogar_sim_500/sam_box_200/masks/row_0109_object_123_sam_mask.png,,0.9720339179039001,0.9776496034607065,cuda,vit_b
110,000006.png,124,data/cogar_sim_500/rgb/000006.png,/home/amir/Desktop/COGAR/COGAR_Foundation-Model-Segmentation-for-Robotic-Scenes/outputs/cogar_sim_500/gt_binary_masks/ann_00000124_img_000006_cat_box.png,410.0,242.0,510.0,277.0,/home/amir/Desktop/COGAR/COGAR_Foundation-Model-Segmentation-for-Robotic-Scenes/outputs/cogar_sim_500/sam_box_200/masks/row_0110_object_124_sam_mask.png,,0.9688827991485596,0.9608114338404795,cuda,vit_b
111,000006.png,125,data/cogar_sim_500/rgb/000006.png,/home/amir/Desktop/COGAR/COGAR_Foundation-Model-Segmentation-for-Robotic-Scenes/outputs/cogar_sim_500/gt_binary_masks/ann_00000125_img_000006_cat_box.png,0.0,228.0,189.0,466.0,/home/amir/Desktop/COGAR/COGAR_Foundation-Model-Segmentation-for-Robotic-Scenes/outputs/cogar_sim_500/sam_box_200/masks/row_0111_object_125_sam_mask.png,,1.0006059408187866,0.9919958599275487,cuda,vit_b
112,000006.png,126,data/cogar_sim_500/rgb/000006.png,/home/amir/Desktop/COGAR/COGAR_Foundation-Model-Segmentation-for-Robotic-Scenes/outputs/cogar_sim_500/gt_binary_masks/ann_00000126_img_000006_cat_plastic_object.png,500.0,274.0,567.0,351.0,/home/amir/Desktop/COGAR/COGAR_Foundation-Model-Segmentation-for-Robotic-Scenes/outputs/cogar_sim_500/sam_box_200/masks/row_0112_object_126_sam_mask.png,,0.9855464696884155,0.9747057350363135,cuda,vit_b
113,000006.png,127,data/cogar_sim_500/rgb/000006.png,/home/amir/Desktop/COGAR/COGAR_Foundation-Model-Segmentation-for-Robotic-Scenes/outputs/cogar_sim_500/gt_binary_masks/ann_00000127_img_000006_cat_connector.png,145.0,92.0,212.0,136.0,/home/amir/Desktop/COGAR/COGAR_Foundation-Model-Segmentation-for-Robotic-Scenes/outputs/cogar_sim_500/sam_box_200/masks/row_0113_object_127_sam_mask.png,,0.9751441478729248,0.9678966789667897,cuda,vit_b
114,000006.png,128,data/cogar_sim_500/rgb/000006.png,/home/amir/Desktop/COGAR/COGAR_Foundation-Model-Segmentation-for-Robotic-Scenes/outputs/cogar_sim_500/gt_binary_masks/ann_00000128_img_000006_cat_glass_object.png,338.0,94.0,399.0,157.0,/home/amir/Desktop/COGAR/COGAR_Foundation-Model-Segmentation-for-Robotic-Scenes/outputs/cogar_sim_500/sam_box_200/masks/row_0114_object_128_sam_mask.png,,0.9877902269363403,0.9256605463502016,cuda,vit_b
115,000006.png,129,data/cogar_sim_500/rgb/000006.png,/home/amir/Desktop/COGAR/COGAR_Foundation-Model-Segmentation-for-Robotic-Scenes/outputs/cogar_sim_500/gt_binary_masks/ann_00000129_img_000006_cat_robot_gripper.png,215.0,131.0,640.0,279.0,/home/amir/Desktop/COGAR/COGAR_Foundation-Model-Segmentation-for-Robotic-Scenes/outputs/cogar_sim_500/sam_box_200/masks/row_0115_object_129_sam_mask.png,,0.9818907976150513,0.9723628820694283,cuda,vit_b
116,000006.png,130,data/cogar_sim_500/rgb/000006.png,/home/amir/Desktop/COGAR/COGAR_Foundation-Model-Segmentation-for-Robotic-Scenes/outputs/cogar_sim_500/gt_binary_masks/ann_00000130_img_000006_cat_robot_gripper.png,337.0,224.0,382.0,243.0,/home/amir/Desktop/COGAR/COGAR_Foundation-Model-Segmentation-for-Robotic-Scenes/outputs/cogar_sim_500/sam_box_200/masks/row_0116_object_130_sam_mask.png,,0.9485565423965454,0.8679245283018868,cuda,vit_b
117,000006.png,131,data/cogar_sim_500/rgb/000006.png,/home/amir/Desktop/COGAR/COGAR_Foundation-Model-Segmentation-for-Robotic-Scenes/outputs/cogar_sim_500/gt_binary_masks/ann_00000131_img_000006_cat_robot_gripper.png,457.0,114.0,523.0,180.0,/home/amir/Desktop/COGAR/COGAR_Foundation-Model-Segmentation-for-Robotic-Scenes/outputs/cogar_sim_500/sam_box_200/masks/row_0117_object_131_sam_mask.png,,0.9767354130744934,0.9544364508393285,cuda,vit_b
118,000008.png,136,data/cogar_sim_500/rgb/000008.png,/home/amir/Desktop/COGAR/COGAR_Foundation-Model-Segmentation-for-Robotic-Scenes/outputs/cogar_sim_500/gt_binary_masks/ann_00000136_img_000008_cat_screw.png,281.0,165.0,294.0,189.0,/home/amir/Desktop/COGAR/COGAR_Foundation-Model-Segmentation-for-Robotic-Scenes/outputs/cogar_sim_500/sam_box_200/masks/row_0118_object_136_sam_mask.png,,0.9512110352516174,0.932,cuda,vit_b
119,000008.png,137,data/cogar_sim_500/rgb/000008.png,/home/amir/Desktop/COGAR/COGAR_Foundation-Model-Segmentation-for-Robotic-Scenes/outputs/cogar_sim_500/gt_binary_masks/ann_00000137_img_000008_cat_screw.png,99.0,247.0,104.0,252.0,/home/amir/Desktop/COGAR/COGAR_Foundation-Model-Segmentation-for-Robotic-Scenes/outputs/cogar_sim_500/sam_box_200/masks/row_0119_object_137_sam_mask.png,,0.8840969800949097,0.7619047619047619,cuda,vit_b
120,000008.png,138,data/cogar_sim_500/rgb/000008.png,/home/amir/Desktop/COGAR/COGAR_Foundation-Model-Segmentation-for-Robotic-Scenes/outputs/cogar_sim_500/gt_binary_masks/ann_00000138_img_000008_cat_connector.png,417.0,297.0,462.0,351.0,/home/amir/Desktop/COGAR/COGAR_Foundation-Model-Segmentation-for-Robotic-Scenes/outputs/cogar_sim_500/sam_box_200/masks/row_0120_object_138_sam_mask.png,,0.9843709468841553,0.9600785340314136,cuda,vit_b
121,000008.png,139,data/cogar_sim_500/rgb/000008.png,/home/amir/Desktop/COGAR/COGAR_Foundation-Model-Segmentation-for-Robotic-Scenes/outputs/cogar_sim_500/gt_binary_masks/ann_00000139_img_000008_cat_plastic_object.png,234.0,89.0,313.0,165.0,/home/amir/Desktop/COGAR/COGAR_Foundation-Model-Segmentation-for-Robotic-Scenes/outputs/cogar_sim_500/sam_box_200/masks/row_0121_object_139_sam_mask.png,,0.9815129041671753,0.9808347529812607,cuda,vit_b
122,000008.png,140,data/cogar_sim_500/rgb/000008.png,/home/amir/Desktop/COGAR/COGAR_Foundation-Model-Segmentation-for-Robotic-Scenes/outputs/cogar_sim_500/gt_binary_masks/ann_00000140_img_000008_cat_connector.png,419.0,444.0,497.0,480.0,/home/amir/Desktop/COGAR/COGAR_Foundation-Model-Segmentation-for-Robotic-Scenes/outputs/cogar_sim_500/sam_box_200/masks/row_0122_object_140_sam_mask.png,,0.9713625907897949,0.9100071994240461,cuda,vit_b
123,000008.png,141,data/cogar_sim_500/rgb/000008.png,/home/amir/Desktop/COGAR/COGAR_Foundation-Model-Segmentation-for-Robotic-Scenes/outputs/cogar_sim_500/gt_binary_masks/ann_00000141_img_000008_cat_screw.png,141.0,55.0,160.0,78.0,/home/amir/Desktop/COGAR/COGAR_Foundation-Model-Segmentation-for-Robotic-Scenes/outputs/cogar_sim_500/sam_box_200/masks/row_0123_object_141_sam_mask.png,,0.9555212259292603,0.9308176100628931,cuda,vit_b
124,000008.png,142,data/cogar_sim_500/rgb/000008.png,/home/amir/Desktop/COGAR/COGAR_Foundation-Model-Segmentation-for-Robotic-Scenes/outputs/cogar_sim_500/gt_binary_masks/ann_00000142_img_000008_cat_screw.png,462.0,134.0,484.0,154.0,/home/amir/Desktop/COGAR/COGAR_Foundation-Model-Segmentation-for-Robotic-Scenes/outputs/cogar_sim_500/sam_box_200/masks/row_0124_object_142_sam_mask.png,,0.9019714593887329,0.9477611940298507,cuda,vit_b
125,000008.png,143,data/cogar_sim_500/rgb/000008.png,/home/amir/Desktop/COGAR/COGAR_Foundation-Model-Segmentation-for-Robotic-Scenes/outputs/cogar_sim_500/gt_binary_masks/ann_00000143_img_000008_cat_connector.png,64.0,263.0,84.0,270.0,/home/amir/Desktop/COGAR/COGAR_Foundation-Model-Segmentation-for-Robotic-Scenes/outputs/cogar_sim_500/sam_box_200/masks/row_0125_object_143_sam_mask.png,,0.8771914839744568,0.7126436781609196,cuda,vit_b
126,000008.png,144,data/cogar_sim_500/rgb/000008.png,/home/amir/Desktop/COGAR/COGAR_Foundation-Model-Segmentation-for-Robotic-Scenes/outputs/cogar_sim_500/gt_binary_masks/ann_00000144_img_000008_cat_box.png,12.0,267.0,182.0,431.0,/home/amir/Desktop/COGAR/COGAR_Foundation-Model-Segmentation-for-Robotic-Scenes/outputs/cogar_sim_500/sam_box_200/masks/row_0126_object_144_sam_mask.png,,0.9450609683990479,0.9179171221305774,cuda,vit_b
127,000008.png,145,data/cogar_sim_500/rgb/000008.png,/home/amir/Desktop/COGAR/COGAR_Foundation-Model-Segmentation-for-Robotic-Scenes/outputs/cogar_sim_500/gt_binary_masks/ann_00000145_img_000008_cat_connector.png,28.0,143.0,79.0,232.0,/home/amir/Desktop/COGAR/COGAR_Foundation-Model-Segmentation-for-Robotic-Scenes/outputs/cogar_sim_500/sam_box_200/masks/row_0127_object_145_sam_mask.png,,0.9799010157585144,0.9703153988868275,cuda,vit_b
128,000008.png,146,data/cogar_sim_500/rgb/000008.png,/home/amir/Desktop/COGAR/COGAR_Foundation-Model-Segmentation-for-Robotic-Scenes/outputs/cogar_sim_500/gt_binary_masks/ann_00000146_img_000008_cat_screw.png,463.0,225.0,486.0,245.0,/home/amir/Desktop/COGAR/COGAR_Foundation-Model-Segmentation-for-Robotic-Scenes/outputs/cogar_sim_500/sam_box_200/masks/row_0128_object_146_sam_mask.png,,0.9550148248672485,0.9506172839506173,cuda,vit_b
129,000008.png,147,data/cogar_sim_500/rgb/000008.png,/home/amir/Desktop/COGAR/COGAR_Foundation-Model-Segmentation-for-Robotic-Scenes/outputs/cogar_sim_500/gt_binary_masks/ann_00000147_img_000008_cat_cable.png,315.0,356.0,420.0,480.0,/home/amir/Desktop/COGAR/COGAR_Foundation-Model-Segmentation-for-Robotic-Scenes/outputs/cogar_sim_500/sam_box_200/masks/row_0129_object_147_sam_mask.png,,0.9654406309127808,0.9353796445880452,cuda,vit_b
130,000008.png,148,data/cogar_sim_500/rgb/000008.png,/home/amir/Desktop/COGAR/COGAR_Foundation-Model-Segmentation-for-Robotic-Scenes/outputs/cogar_sim_500/gt_binary_masks/ann_00000148_img_000008_cat_connector.png,477.0,286.0,536.0,330.0,/home/amir/Desktop/COGAR/COGAR_Foundation-Model-Segmentation-for-Robotic-Scenes/outputs/cogar_sim_500/sam_box_200/masks/row_0130_object_148_sam_mask.png,,0.9781570434570312,0.9582132564841499,cuda,vit_b
131,000008.png,149,data/cogar_sim_500/rgb/000008.png,/home/amir/Desktop/COGAR/COGAR_Foundation-Model-Segmentation-for-Robotic-Scenes/outputs/cogar_sim_500/gt_binary_masks/ann_00000149_img_000008_cat_screw.png,534.0,207.0,546.0,230.0,/home/amir/Desktop/COGAR/COGAR_Foundation-Model-Segmentation-for-Robotic-Scenes/outputs/cogar_sim_500/sam_box_200/masks/row_0131_object_149_sam_mask.png,,0.9184723496437073,0.7526315789473684,cuda,vit_b
132,000008.png,150,data/cogar_sim_500/rgb/000008.png,/home/amir/Desktop/COGAR/COGAR_Foundation-Model-Segmentation-for-Robotic-Scenes/outputs/cogar_sim_500/gt_binary_masks/ann_00000150_img_000008_cat_connector.png,410.0,382.0,474.0,467.0,/home/amir/Desktop/COGAR/COGAR_Foundation-Model-Segmentation-for-Robotic-Scenes/outputs/cogar_sim_500/sam_box_200/masks/row_0132_object_150_sam_mask.png,,0.9552881121635437,0.9561720948934459,cuda,vit_b
133,000008.png,151,data/cogar_sim_500/rgb/000008.png,/home/amir/Desktop/COGAR/COGAR_Foundation-Model-Segmentation-for-Robotic-Scenes/outputs/cogar_sim_500/gt_binary_masks/ann_00000151_img_000008_cat_connector.png,195.0,53.0,285.0,115.0,/home/amir/Desktop/COGAR/COGAR_Foundation-Model-Segmentation-for-Robotic-Scenes/outputs/cogar_sim_500/sam_box_200/masks/row_0133_object_151_sam_mask.png,,0.9815316200256348,0.971592722630067,cuda,vit_b
134,000008.png,152,data/cogar_sim_500/rgb/000008.png,/home/amir/Desktop/COGAR/COGAR_Foundation-Model-Segmentation-for-Robotic-Scenes/outputs/cogar_sim_500/gt_binary_masks/ann_00000152_img_000008_cat_plastic_object.png,378.0,182.0,450.0,258.0,/home/amir/Desktop/COGAR/COGAR_Foundation-Model-Segmentation-for-Robotic-Scenes/outputs/cogar_sim_500/sam_box_200/masks/row_0134_object_152_sam_mask.png,,0.9850655198097229,0.9834322453016815,cuda,vit_b
135,000008.png,153,data/cogar_sim_500/rgb/000008.png,/home/amir/Desktop/COGAR/COGAR_Foundation-Model-Segmentation-for-Robotic-Scenes/outputs/cogar_sim_500/gt_binary_masks/ann_00000153_img_000008_cat_connector.png,131.0,221.0,221.0,304.0,/home/amir/Desktop/COGAR/COGAR_Foundation-Model-Segmentation-for-Robotic-Scenes/outputs/cogar_sim_500/sam_box_200/masks/row_0135_object_153_sam_mask.png,,0.9816018342971802,0.9631843926998112,cuda,vit_b
136,000008.png,154,data/cogar_sim_500/rgb/000008.png,/home/amir/Desktop/COGAR/COGAR_Foundation-Model-Segmentation-for-Robotic-Scenes/outputs/cogar_sim_500/gt_binary_masks/ann_00000154_img_000008_cat_connector.png,457.0,341.0,510.0,401.0,/home/amir/Desktop/COGAR/COGAR_Foundation-Model-Segmentation-for-Robotic-Scenes/outputs/cogar_sim_500/sam_box_200/masks/row_0136_object_154_sam_mask.png,,0.9792284369468689,0.9632152588555858,cuda,vit_b
137,000008.png,155,data/cogar_sim_500/rgb/000008.png,/home/amir/Desktop/COGAR/COGAR_Foundation-Model-Segmentation-for-Robotic-Scenes/outputs/cogar_sim_500/gt_binary_masks/ann_00000155_img_000008_cat_screw.png,408.0,295.0,432.0,313.0,/home/amir/Desktop/COGAR/COGAR_Foundation-Model-Segmentation-for-Robotic-Scenes/outputs/cogar_sim_500/sam_box_200/masks/row_0137_object_155_sam_mask.png,,0.955933153629303,0.937125748502994,cuda,vit_b
138,000008.png,156,data/cogar_sim_500/rgb/000008.png,/home/amir/Desktop/COGAR/COGAR_Foundation-Model-Segmentation-for-Robotic-Scenes/outputs/cogar_sim_500/gt_binary_masks/ann_00000156_img_000008_cat_screw.png,265.0,353.0,286.0,374.0,/home/amir/Desktop/COGAR/COGAR_Foundation-Model-Segmentation-for-Robotic-Scenes/outputs/cogar_sim_500/sam_box_200/masks/row_0138_object_156_sam_mask.png,,0.9588688015937805,0.9376770538243626,cuda,vit_b
139,000008.png,157,data/cogar_sim_500/rgb/000008.png,/home/amir/Desktop/COGAR/COGAR_Foundation-Model-Segmentation-for-Robotic-Scenes/outputs/cogar_sim_500/gt_binary_masks/ann_00000157_img_000008_cat_box.png,99.0,325.0,256.0,480.0,/home/amir/Desktop/COGAR/COGAR_Foundation-Model-Segmentation-for-Robotic-Scenes/outputs/cogar_sim_500/sam_box_200/masks/row_0139_object_157_sam_mask.png,,0.977699339389801,0.9266692647440894,cuda,vit_b
140,000008.png,158,data/cogar_sim_500/rgb/000008.png,/home/amir/Desktop/COGAR/COGAR_Foundation-Model-Segmentation-for-Robotic-Scenes/outputs/cogar_sim_500/gt_binary_masks/ann_00000158_img_000008_cat_screw.png,298.0,86.0,317.0,109.0,/home/amir/Desktop/COGAR/COGAR_Foundation-Model-Segmentation-for-Robotic-Scenes/outputs/cogar_sim_500/sam_box_200/masks/row_0140_object_158_sam_mask.png,,0.9673690795898438,0.9832635983263598,cuda,vit_b
141,000008.png,159,data/cogar_sim_500/rgb/000008.png,/home/amir/Desktop/COGAR/COGAR_Foundation-Model-Segmentation-for-Robotic-Scenes/outputs/cogar_sim_500/gt_binary_masks/ann_00000159_img_000008_cat_screw.png,400.0,438.0,413.0,460.0,/home/amir/Desktop/COGAR/COGAR_Foundation-Model-Segmentation-for-Robotic-Scenes/outputs/cogar_sim_500/sam_box_200/masks/row_0141_object_159_sam_mask.png,,0.9372622966766357,0.9154228855721394,cuda,vit_b
142,000008.png,160,data/cogar_sim_500/rgb/000008.png,/home/amir/Desktop/COGAR/COGAR_Foundation-Model-Segmentation-for-Robotic-Scenes/outputs/cogar_sim_500/gt_binary_masks/ann_00000160_img_000008_cat_connector.png,343.0,193.0,393.0,224.0,/home/amir/Desktop/COGAR/COGAR_Foundation-Model-Segmentation-for-Robotic-Scenes/outputs/cogar_sim_500/sam_box_200/masks/row_0142_object_160_sam_mask.png,,0.9738925695419312,0.9700598802395209,cuda,vit_b
143,000008.png,161,data/cogar_sim_500/rgb/000008.png,/home/amir/Desktop/COGAR/COGAR_Foundation-Model-Segmentation-for-Robotic-Scenes/outputs/cogar_sim_500/gt_binary_masks/ann_00000161_img_000008_cat_cable.png,482.0,65.0,594.0,311.0,/home/amir/Desktop/COGAR/COGAR_Foundation-Model-Segmentation-for-Robotic-Scenes/outputs/cogar_sim_500/sam_box_200/masks/row_0143_object_161_sam_mask.png,,0.9883284568786621,0.9622551361681796,cuda,vit_b
144,000008.png,162,data/cogar_sim_500/rgb/000008.png,/home/amir/Desktop/COGAR/COGAR_Foundation-Model-Segmentation-for-Robotic-Scenes/outputs/cogar_sim_500/gt_binary_masks/ann_00000162_img_000008_cat_cable.png,261.0,332.0,452.0,384.0,/home/amir/Desktop/COGAR/COGAR_Foundation-Model-Segmentation-for-Robotic-Scenes/outputs/cogar_sim_500/sam_box_200/masks/row_0144_object_162_sam_mask.png,,0.9388962388038635,0.9453340695748206,cuda,vit_b
145,000008.png,163,data/cogar_sim_500/rgb/000008.png,/home/amir/Desktop/COGAR/COGAR_Foundation-Model-Segmentation-for-Robotic-Scenes/outputs/cogar_sim_500/gt_binary_masks/ann_00000163_img_000008_cat_screw.png,139.0,77.0,164.0,93.0,/home/amir/Desktop/COGAR/COGAR_Foundation-Model-Segmentation-for-Robotic-Scenes/outputs/cogar_sim_500/sam_box_200/masks/row_0145_object_163_sam_mask.png,,0.9548189043998718,0.8888888888888888,cuda,vit_b
146,000008.png,164,data/cogar_sim_500/rgb/000008.png,/home/amir/Desktop/COGAR/COGAR_Foundation-Model-Segmentation-for-Robotic-Scenes/outputs/cogar_sim_500/gt_binary_masks/ann_00000164_img_000008_cat_screw.png,371.0,259.0,395.0,283.0,/home/amir/Desktop/COGAR/COGAR_Foundation-Model-Segmentation-for-Robotic-Scenes/outputs/cogar_sim_500/sam_box_200/masks/row_0146_object_164_sam_mask.png,,0.9954503774642944,0.9335038363171355,cuda,vit_b
147,000008.png,165,data/cogar_sim_500/rgb/000008.png,/home/amir/Desktop/COGAR/COGAR_Foundation-Model-Segmentation-for-Robotic-Scenes/outputs/cogar_sim_500/gt_binary_masks/ann_00000165_img_000008_cat_connector.png,213.0,144.0,232.0,168.0,/home/amir/Desktop/COGAR/COGAR_Foundation-Model-Segmentation-for-Robotic-Scenes/outputs/cogar_sim_500/sam_box_200/masks/row_0147_object_165_sam_mask.png,,0.9082942605018616,0.6666666666666666,cuda,vit_b
148,000008.png,166,data/cogar_sim_500/rgb/000008.png,/home/amir/Desktop/COGAR/COGAR_Foundation-Model-Segmentation-for-Robotic-Scenes/outputs/cogar_sim_500/gt_binary_masks/ann_00000166_img_000008_cat_metal_part.png,376.0,223.0,379.0,237.0,/home/amir/Desktop/COGAR/COGAR_Foundation-Model-Segmentation-for-Robotic-Scenes/outputs/cogar_sim_500/sam_box_200/masks/row_0148_object_166_sam_mask.png,,0.8516228795051575,0.8333333333333334,cuda,vit_b
149,000008.png,167,data/cogar_sim_500/rgb/000008.png,/home/amir/Desktop/COGAR/COGAR_Foundation-Model-Segmentation-for-Robotic-Scenes/outputs/cogar_sim_500/gt_binary_masks/ann_00000167_img_000008_cat_connector.png,58.0,181.0,149.0,268.0,/home/amir/Desktop/COGAR/COGAR_Foundation-Model-Segmentation-for-Robotic-Scenes/outputs/cogar_sim_500/sam_box_200/masks/row_0149_object_167_sam_mask.png,,0.970626950263977,0.9521752545510644,cuda,vit_b
150,000008.png,168,data/cogar_sim_500/rgb/000008.png,/home/amir/Desktop/COGAR/COGAR_Foundation-Model-Segmentation-for-Robotic-Scenes/outputs/cogar_sim_500/gt_binary_masks/ann_00000168_img_000008_cat_screw.png,531.0,308.0,546.0,325.0,/home/amir/Desktop/COGAR/COGAR_Foundation-Model-Segmentation-for-Robotic-Scenes/outputs/cogar_sim_500/sam_box_200/masks/row_0150_object_168_sam_mask.png,,0.961816668510437,0.9216867469879518,cuda,vit_b
151,000008.png,169,data/cogar_sim_500/rgb/000008.png,/home/amir/Desktop/COGAR/COGAR_Foundation-Model-Segmentation-for-Robotic-Scenes/outputs/cogar_sim_500/gt_binary_masks/ann_00000169_img_000008_cat_robot_gripper.png,155.0,130.0,375.0,373.0,/home/amir/Desktop/COGAR/COGAR_Foundation-Model-Segmentation-for-Robotic-Scenes/outputs/cogar_sim_500/sam_box_200/masks/row_0151_object_169_sam_mask.png,,0.9804555177688599,0.9037433155080213,cuda,vit_b
152,000008.png,170,data/cogar_sim_500/rgb/000008.png,/home/amir/Desktop/COGAR/COGAR_Foundation-Model-Segmentation-for-Robotic-Scenes/outputs/cogar_sim_500/gt_binary_masks/ann_00000170_img_000008_cat_robot_gripper.png,296.0,216.0,355.0,273.0,/home/amir/Desktop/COGAR/COGAR_Foundation-Model-Segmentation-for-Robotic-Scenes/outputs/cogar_sim_500/sam_box_200/masks/row_0152_object_170_sam_mask.png,,0.964996874332428,0.9401368301026226,cuda,vit_b
153,000009.png,172,data/cogar_sim_500/rgb/000009.png,/home/amir/Desktop/COGAR/COGAR_Foundation-Model-Segmentation-for-Robotic-Scenes/outputs/cogar_sim_500/gt_binary_masks/ann_00000172_img_000009_cat_screw.png,404.0,175.0,433.0,197.0,/home/amir/Desktop/COGAR/COGAR_Foundation-Model-Segmentation-for-Robotic-Scenes/outputs/cogar_sim_500/sam_box_200/masks/row_0153_object_172_sam_mask.png,,0.9427316188812256,0.9289099526066351,cuda,vit_b
154,000009.png,173,data/cogar_sim_500/rgb/000009.png,/home/amir/Desktop/COGAR/COGAR_Foundation-Model-Segmentation-for-Robotic-Scenes/outputs/cogar_sim_500/gt_binary_masks/ann_00000173_img_000009_cat_connector.png,260.0,367.0,288.0,422.0,/home/amir/Desktop/COGAR/COGAR_Foundation-Model-Segmentation-for-Robotic-Scenes/outputs/cogar_sim_500/sam_box_200/masks/row_0154_object_173_sam_mask.png,,0.9761024117469788,0.9514200298953662,cuda,vit_b
155,000009.png,174,data/cogar_sim_500/rgb/000009.png,/home/amir/Desktop/COGAR/COGAR_Foundation-Model-Segmentation-for-Robotic-Scenes/outputs/cogar_sim_500/gt_binary_masks/ann_00000174_img_000009_cat_cable.png,263.0,440.0,598.0,479.0,/home/amir/Desktop/COGAR/COGAR_Foundation-Model-Segmentation-for-Robotic-Scenes/outputs/cogar_sim_500/sam_box_200/masks/row_0155_object_174_sam_mask.png,,0.9145368933677673,0.8162762022194822,cuda,vit_b
156,000009.png,175,data/cogar_sim_500/rgb/000009.png,/home/amir/Desktop/COGAR/COGAR_Foundation-Model-Segmentation-for-Robotic-Scenes/outputs/cogar_sim_500/gt_binary_masks/ann_00000175_img_000009_cat_plastic_object.png,279.0,347.0,361.0,428.0,/home/amir/Desktop/COGAR/COGAR_Foundation-Model-Segmentation-for-Robotic-Scenes/outputs/cogar_sim_500/sam_box_200/masks/row_0156_object_175_sam_mask.png,,0.9869509935379028,0.9738671781347399,cuda,vit_b
157,000009.png,176,data/cogar_sim_500/rgb/000009.png,/home/amir/Desktop/COGAR/COGAR_Foundation-Model-Segmentation-for-Robotic-Scenes/outputs/cogar_sim_500/gt_binary_masks/ann_00000176_img_000009_cat_plastic_object.png,249.0,262.0,299.0,335.0,/home/amir/Desktop/COGAR/COGAR_Foundation-Model-Segmentation-for-Robotic-Scenes/outputs/cogar_sim_500/sam_box_200/masks/row_0157_object_176_sam_mask.png,,0.9848029017448425,0.9796251018744906,cuda,vit_b
158,000009.png,177,data/cogar_sim_500/rgb/000009.png,/home/amir/Desktop/COGAR/COGAR_Foundation-Model-Segmentation-for-Robotic-Scenes/outputs/cogar_sim_500/gt_binary_masks/ann_00000177_img_000009_cat_plastic_object.png,384.0,333.0,433.0,384.0,/home/amir/Desktop/COGAR/COGAR_Foundation-Model-Segmentation-for-Robotic-Scenes/outputs/cogar_sim_500/sam_box_200/masks/row_0158_object_177_sam_mask.png,,0.9773790240287781,0.9649298597194389,cuda,vit_b
159,000009.png,178,data/cogar_sim_500/rgb/000009.png,/home/amir/Desktop/COGAR/COGAR_Foundation-Model-Segmentation-for-Robotic-Scenes/outputs/cogar_sim_500/gt_binary_masks/ann_00000178_img_000009_cat_screw.png,157.0,128.0,161.0,134.0,/home/amir/Desktop/COGAR/COGAR_Foundation-Model-Segmentation-for-Robotic-Scenes/outputs/cogar_sim_500/sam_box_200/masks/row_0159_object_178_sam_mask.png,,0.8191215395927429,0.4090909090909091,cuda,vit_b
160,000009.png,179,data/cogar_sim_500/rgb/000009.png,/home/amir/Desktop/COGAR/COGAR_Foundation-Model-Segmentation-for-Robotic-Scenes/outputs/cogar_sim_500/gt_binary_masks/ann_00000179_img_000009_cat_cable.png,167.0,94.0,351.0,351.0,/home/amir/Desktop/COGAR/COGAR_Foundation-Model-Segmentation-for-Robotic-Scenes/outputs/cogar_sim_500/sam_box_200/masks/row_0160_object_179_sam_mask.png,,0.8590108156204224,0.7145790554414785,cuda,vit_b
161,000009.png,180,data/cogar_sim_500/rgb/000009.png,/home/amir/Desktop/COGAR/COGAR_Foundation-Model-Segmentation-for-Robotic-Scenes/outputs/cogar_sim_500/gt_binary_masks/ann_00000180_img_000009_cat_glass_object.png,433.0,211.0,561.0,314.0,/home/amir/Desktop/COGAR/COGAR_Foundation-Model-Segmentation-for-Robotic-Scenes/outputs/cogar_sim_500/sam_box_200/masks/row_0161_object_180_sam_mask.png,,0.9878368377685547,0.9513014273719563,cuda,vit_b
162,000009.png,181,data/cogar_sim_500/rgb/000009.png,/home/amir/Desktop/COGAR/COGAR_Foundation-Model-Segmentation-for-Robotic-Scenes/outputs/cogar_sim_500/gt_binary_masks/ann_00000181_img_000009_cat_tool.png,242.0,405.0,380.0,480.0,/home/amir/Desktop/COGAR/COGAR_Foundation-Model-Segmentation-for-Robotic-Scenes/outputs/cogar_sim_500/sam_box_200/masks/row_0162_object_181_sam_mask.png,,0.9659332633018494,0.9218999043672298,cuda,vit_b
163,000009.png,182,data/cogar_sim_500/rgb/000009.png,/home/amir/Desktop/COGAR/COGAR_Foundation-Model-Segmentation-for-Robotic-Scenes/outputs/cogar_sim_500/gt_binary_masks/ann_00000182_img_000009_cat_plastic_object.png,308.0,83.0,360.0,142.0,/home/amir/Desktop/COGAR/COGAR_Foundation-Model-Segmentation-for-Robotic-Scenes/outputs/cogar_sim_500/sam_box_200/masks/row_0163_object_182_sam_mask.png,,0.9831605553627014,0.9764188649080735,cuda,vit_b
164,000009.png,183,data/cogar_sim_500/rgb/000009.png,/home/amir/Desktop/COGAR/COGAR_Foundation-Model-Segmentation-for-Robotic-Scenes/outputs/cogar_sim_500/gt_binary_masks/ann_00000183_img_000009_cat_plastic_object.png,430.0,320.0,500.0,405.0,/home/amir/Desktop/COGAR/COGAR_Foundation-Model-Segmentation-for-Robotic-Scenes/outputs/cogar_sim_500/sam_box_200/masks/row_0164_object_183_sam_mask.png,,0.9824793338775635,0.9746097814776274,cuda,vit_b
165,000009.png,184,data/cogar_sim_500/rgb/000009.png,/home/amir/Desktop/COGAR/COGAR_Foundation-Model-Segmentation-for-Robotic-Scenes/outputs/cogar_sim_500/gt_binary_masks/ann_00000184_img_000009_cat_plastic_object.png,136.0,136.0,196.0,205.0,/home/amir/Desktop/COGAR/COGAR_Foundation-Model-Segmentation-for-Robotic-Scenes/outputs/cogar_sim_500/sam_box_200/masks/row_0165_object_184_sam_mask.png,,0.9814451932907104,0.9677174325864033,cuda,vit_b
166,000009.png,185,data/cogar_sim_500/rgb/000009.png,/home/amir/Desktop/COGAR/COGAR_Foundation-Model-Segmentation-for-Robotic-Scenes/outputs/cogar_sim_500/gt_binary_masks/ann_00000185_img_000009_cat_plastic_object.png,239.0,101.0,281.0,147.0,/home/amir/Desktop/COGAR/COGAR_Foundation-Model-Segmentation-for-Robotic-Scenes/outputs/cogar_sim_500/sam_box_200/masks/row_0166_object_185_sam_mask.png,,0.9688167572021484,0.9792207792207792,cuda,vit_b
167,000009.png,186,data/cogar_sim_500/rgb/000009.png,/home/amir/Desktop/COGAR/COGAR_Foundation-Model-Segmentation-for-Robotic-Scenes/outputs/cogar_sim_500/gt_binary_masks/ann_00000186_img_000009_cat_plastic_object.png,218.0,183.0,279.0,244.0,/home/amir/Desktop/COGAR/COGAR_Foundation-Model-Segmentation-for-Robotic-Scenes/outputs/cogar_sim_500/sam_box_200/masks/row_0167_object_186_sam_mask.png,,0.9760834574699402,0.9386304909560723,cuda,vit_b
168,000009.png,187,data/cogar_sim_500/rgb/000009.png,/home/amir/Desktop/COGAR/COGAR_Foundation-Model-Segmentation-for-Robotic-Scenes/outputs/cogar_sim_500/gt_binary_masks/ann_00000187_img_000009_cat_screw.png,284.0,235.0,289.0,240.0,/home/amir/Desktop/COGAR/COGAR_Foundation-Model-Segmentation-for-Robotic-Scenes/outputs/cogar_sim_500/sam_box_200/masks/row_0168_object_187_sam_mask.png,,0.7490348219871521,0.47058823529411764,cuda,vit_b
169,000009.png,188,data/cogar_sim_500/rgb/000009.png,/home/amir/Desktop/COGAR/COGAR_Foundation-Model-Segmentation-for-Robotic-Scenes/outputs/cogar_sim_500/gt_binary_masks/ann_00000188_img_000009_cat_plastic_object.png,77.0,120.0,161.0,192.0,/home/amir/Desktop/COGAR/COGAR_Foundation-Model-Segmentation-for-Robotic-Scenes/outputs/cogar_sim_500/sam_box_200/masks/row_0169_object_188_sam_mask.png,,0.9823393821716309,0.969176052163604,cuda,vit_b
170,000009.png,189,data/cogar_sim_500/rgb/000009.png,/home/amir/Desktop/COGAR/COGAR_Foundation-Model-Segmentation-for-Robotic-Scenes/outputs/cogar_sim_500/gt_binary_masks/ann_00000189_img_000009_cat_robot_gripper.png,178.0,88.0,426.0,338.0,/home/amir/Desktop/COGAR/COGAR_Foundation-Model-Segmentation-for-Robotic-Scenes/outputs/cogar_sim_500/sam_box_200/masks/row_0170_object_189_sam_mask.png,,0.9851495027542114,0.8852962001416096,cuda,vit_b
171,000009.png,190,data/cogar_sim_500/rgb/000009.png,/home/amir/Desktop/COGAR/COGAR_Foundation-Model-Segmentation-for-Robotic-Scenes/outputs/cogar_sim_500/gt_binary_masks/ann_00000190_img_000009_cat_robot_gripper.png,260.0,134.0,312.0,186.0,/home/amir/Desktop/COGAR/COGAR_Foundation-Model-Segmentation-for-Robotic-Scenes/outputs/cogar_sim_500/sam_box_200/masks/row_0171_object_190_sam_mask.png,,0.9665810465812683,0.9282051282051282,cuda,vit_b
172,000009.png,191,data/cogar_sim_500/rgb/000009.png,/home/amir/Desktop/COGAR/COGAR_Foundation-Model-Segmentation-for-Robotic-Scenes/outputs/cogar_sim_500/gt_binary_masks/ann_00000191_img_000009_cat_robot_gripper.png,342.0,208.0,374.0,242.0,/home/amir/Desktop/COGAR/COGAR_Foundation-Model-Segmentation-for-Robotic-Scenes/outputs/cogar_sim_500/sam_box_200/masks/row_0172_object_191_sam_mask.png,,0.9641861915588379,0.9744136460554371,cuda,vit_b
173,000010.png,193,data/cogar_sim_500/rgb/000010.png,/home/amir/Desktop/COGAR/COGAR_Foundation-Model-Segmentation-for-Robotic-Scenes/outputs/cogar_sim_500/gt_binary_masks/ann_00000193_img_000010_cat_tool.png,105.0,117.0,200.0,370.0,/home/amir/Desktop/COGAR/COGAR_Foundation-Model-Segmentation-for-Robotic-Scenes/outputs/cogar_sim_500/sam_box_200/masks/row_0173_object_193_sam_mask.png,,0.9864504337310791,0.9165264656399638,cuda,vit_b
174,000010.png,194,data/cogar_sim_500/rgb/000010.png,/home/amir/Desktop/COGAR/COGAR_Foundation-Model-Segmentation-for-Robotic-Scenes/outputs/cogar_sim_500/gt_binary_masks/ann_00000194_img_000010_cat_screw.png,465.0,268.0,496.0,293.0,/home/amir/Desktop/COGAR/COGAR_Foundation-Model-Segmentation-for-Robotic-Scenes/outputs/cogar_sim_500/sam_box_200/masks/row_0174_object_194_sam_mask.png,,0.9586926698684692,0.8505494505494505,cuda,vit_b
175,000010.png,195,data/cogar_sim_500/rgb/000010.png,/home/amir/Desktop/COGAR/COGAR_Foundation-Model-Segmentation-for-Robotic-Scenes/outputs/cogar_sim_500/gt_binary_masks/ann_00000195_img_000010_cat_connector.png,4.0,282.0,48.0,334.0,/home/amir/Desktop/COGAR/COGAR_Foundation-Model-Segmentation-for-Robotic-Scenes/outputs/cogar_sim_500/sam_box_200/masks/row_0175_object_195_sam_mask.png,,0.9654576778411865,0.9602612955906369,cuda,vit_b
176,000010.png,196,data/cogar_sim_500/rgb/000010.png,/home/amir/Desktop/COGAR/COGAR_Foundation-Model-Segmentation-for-Robotic-Scenes/outputs/cogar_sim_500/gt_binary_masks/ann_00000196_img_000010_cat_plastic_object.png,159.0,391.0,223.0,452.0,/home/amir/Desktop/COGAR/COGAR_Foundation-Model-Segmentation-for-Robotic-Scenes/outputs/cogar_sim_500/sam_box_200/masks/row_0176_object_196_sam_mask.png,,0.982375979423523,0.9808660624370594,cuda,vit_b
177,000010.png,197,data/cogar_sim_500/rgb/000010.png,/home/amir/Desktop/COGAR/COGAR_Foundation-Model-Segmentation-for-Robotic-Scenes/outputs/cogar_sim_500/gt_binary_masks/ann_00000197_img_000010_cat_metal_part.png,354.0,333.0,415.0,386.0,/home/amir/Desktop/COGAR/COGAR_Foundation-Model-Segmentation-for-Robotic-Scenes/outputs/cogar_sim_500/sam_box_200/masks/row_0177_object_197_sam_mask.png,,0.9794542193412781,0.9640933572710951,cuda,vit_b
178,000010.png,198,data/cogar_sim_500/rgb/000010.png,/home/amir/Desktop/COGAR/COGAR_Foundation-Model-Segmentation-for-Robotic-Scenes/outputs/cogar_sim_500/gt_binary_masks/ann_00000198_img_000010_cat_tool.png,290.0,0.0,367.0,87.0,/home/amir/Desktop/COGAR/COGAR_Foundation-Model-Segmentation-for-Robotic-Scenes/outputs/cogar_sim_500/sam_box_200/masks/row_0178_object_198_sam_mask.png,,0.9662656188011169,0.9555800293685757,cuda,vit_b
179,000010.png,199,data/cogar_sim_500/rgb/000010.png,/home/amir/Desktop/COGAR/COGAR_Foundation-Model-Segmentation-for-Robotic-Scenes/outputs/cogar_sim_500/gt_binary_masks/ann_00000199_img_000010_cat_tool.png,70.0,359.0,350.0,480.0,/home/amir/Desktop/COGAR/COGAR_Foundation-Model-Segmentation-for-Robotic-Scenes/outputs/cogar_sim_500/sam_box_200/masks/row_0179_object_199_sam_mask.png,,0.9766098260879517,0.8388911209321013,cuda,vit_b
180,000010.png,200,data/cogar_sim_500/rgb/000010.png,/home/amir/Desktop/COGAR/COGAR_Foundation-Model-Segmentation-for-Robotic-Scenes/outputs/cogar_sim_500/gt_binary_masks/ann_00000200_img_000010_cat_metal_part.png,403.0,11.0,471.0,64.0,/home/amir/Desktop/COGAR/COGAR_Foundation-Model-Segmentation-for-Robotic-Scenes/outputs/cogar_sim_500/sam_box_200/masks/row_0180_object_200_sam_mask.png,,0.9726921319961548,0.9540575354229283,cuda,vit_b
181,000010.png,201,data/cogar_sim_500/rgb/000010.png,/home/amir/Desktop/COGAR/COGAR_Foundation-Model-Segmentation-for-Robotic-Scenes/outputs/cogar_sim_500/gt_binary_masks/ann_00000201_img_000010_cat_tool.png,307.0,277.0,349.0,480.0,/home/amir/Desktop/COGAR/COGAR_Foundation-Model-Segmentation-for-Robotic-Scenes/outputs/cogar_sim_500/sam_box_200/masks/row_0181_object_201_sam_mask.png,,0.9526182413101196,0.8876375735858715,cuda,vit_b
182,000010.png,202,data/cogar_sim_500/rgb/000010.png,/home/amir/Desktop/COGAR/COGAR_Foundation-Model-Segmentation-for-Robotic-Scenes/outputs/cogar_sim_500/gt_binary_masks/ann_00000202_img_000010_cat_tool.png,266.0,52.0,472.0,140.0,/home/amir/Desktop/COGAR/COGAR_Foundation-Model-Segmentation-for-Robotic-Scenes/outputs/cogar_sim_500/sam_box_200/masks/row_0182_object_202_sam_mask.png,,0.9521695375442505,0.8352233279333487,cuda,vit_b
183,000010.png,203,data/cogar_sim_500/rgb/000010.png,/home/amir/Desktop/COGAR/COGAR_Foundation-Model-Segmentation-for-Robotic-Scenes/outputs/cogar_sim_500/gt_binary_masks/ann_00000203_img_000010_cat_cable.png,403.0,162.0,537.0,267.0,/home/amir/Desktop/COGAR/COGAR_Foundation-Model-Segmentation-for-Robotic-Scenes/outputs/cogar_sim_500/sam_box_200/masks/row_0183_object_203_sam_mask.png,,0.9689596891403198,0.9526411657559198,cuda,vit_b
184,000010.png,204,data/cogar_sim_500/rgb/000010.png,/home/amir/Desktop/COGAR/COGAR_Foundation-Model-Segmentation-for-Robotic-Scenes/outputs/cogar_sim_500/gt_binary_masks/ann_00000204_img_000010_cat_connector.png,299.0,206.0,318.0,228.0,/home/amir/Desktop/COGAR/COGAR_Foundation-Model-Segmentation-for-Robotic-Scenes/outputs/cogar_sim_500/sam_box_200/masks/row_0184_object_204_sam_mask.png,,0.949556827545166,0.861904761904762,cuda,vit_b
185,000010.png,205,data/cogar_sim_500/rgb/000010.png,/home/amir/Desktop/COGAR/COGAR_Foundation-Model-Segmentation-for-Robotic-Scenes/outputs/cogar_sim_500/gt_binary_masks/ann_00000205_img_000010_cat_tool.png,74.0,232.0,366.0,256.0,/home/amir/Desktop/COGAR/COGAR_Foundation-Model-Segmentation-for-Robotic-Scenes/outputs/cogar_sim_500/sam_box_200/masks/row_0185_object_205_sam_mask.png,,0.9641136527061462,0.8964523281596453,cuda,vit_b
186,000010.png,206,data/cogar_sim_500/rgb/000010.png,/home/amir/Desktop/COGAR/COGAR_Foundation-Model-Segmentation-for-Robotic-Scenes/outputs/cogar_sim_500/gt_binary_masks/ann_00000206_img_000010_cat_connector.png,300.0,397.0,363.0,470.0,/home/amir/Desktop/COGAR/COGAR_Foundation-Model-Segmentation-for-Robotic-Scenes/outputs/cogar_sim_500/sam_box_200/masks/row_0186_object_206_sam_mask.png,,0.9908724427223206,0.9671916010498688,cuda,vit_b
187,000010.png,207,data/cogar_sim_500/rgb/000010.png,/home/amir/Desktop/COGAR/COGAR_Foundation-Model-Segmentation-for-Robotic-Scenes/outputs/cogar_sim_500/gt_binary_masks/ann_00000207_img_000010_cat_plastic_object.png,279.0,263.0,333.0,319.0,/home/amir/Desktop/COGAR/COGAR_Foundation-Model-Segmentation-for-Robotic-Scenes/outputs/cogar_sim_500/sam_box_200/masks/row_0187_object_207_sam_mask.png,,0.9845880270004272,0.9733050847457627,cuda,vit_b
188,000010.png,208,data/cogar_sim_500/rgb/000010.png,/home/amir/Desktop/COGAR/COGAR_Foundation-Model-Segmentation-for-Robotic-Scenes/outputs/cogar_sim_500/gt_binary_masks/ann_00000208_img_000010_cat_box.png,487.0,52.0,640.0,238.0,/home/amir/Desktop/COGAR/COGAR_Foundation-Model-Segmentation-for-Robotic-Scenes/outputs/cogar_sim_500/sam_box_200/masks/row_0188_object_208_sam_mask.png,,0.9879634380340576,0.9861432919903684,cuda,vit_b
189,000010.png,209,data/cogar_sim_500/rgb/000010.png,/home/amir/Desktop/COGAR/COGAR_Foundation-Model-Segmentation-for-Robotic-Scenes/outputs/cogar_sim_500/gt_binary_masks/ann_00000209_img_000010_cat_cable.png,201.0,234.0,313.0,406.0,/home/amir/Desktop/COGAR/COGAR_Foundation-Model-Segmentation-for-Robotic-Scenes/outputs/cogar_sim_500/sam_box_200/masks/row_0189_object_209_sam_mask.png,,0.9372922778129578,0.8679540709812108,cuda,vit_b
190,000010.png,210,data/cogar_sim_500/rgb/000010.png,/home/amir/Desktop/COGAR/COGAR_Foundation-Model-Segmentation-for-Robotic-Scenes/outputs/cogar_sim_500/gt_binary_masks/ann_00000210_img_000010_cat_connector.png,89.0,340.0,137.0,373.0,/home/amir/Desktop/COGAR/COGAR_Foundation-Model-Segmentation-for-Robotic-Scenes/outputs/cogar_sim_500/sam_box_200/masks/row_0190_object_210_sam_mask.png,,0.9722079038619995,0.9522417153996101,cuda,vit_b
191,000010.png,211,data/cogar_sim_500/rgb/000010.png,/home/amir/Desktop/COGAR/COGAR_Foundation-Model-Segmentation-for-Robotic-Scenes/outputs/cogar_sim_500/gt_binary_masks/ann_00000211_img_000010_cat_robot_gripper.png,292.0,42.0,465.0,283.0,/home/amir/Desktop/COGAR/COGAR_Foundation-Model-Segmentation-for-Robotic-Scenes/outputs/cogar_sim_500/sam_box_200/masks/row_0191_object_211_sam_mask.png,,0.9892116785049438,0.8726974153934028,cuda,vit_b
192,000010.png,212,data/cogar_sim_500/rgb/000010.png,/home/amir/Desktop/COGAR/COGAR_Foundation-Model-Segmentation-for-Robotic-Scenes/outputs/cogar_sim_500/gt_binary_masks/ann_00000212_img_000010_cat_robot_gripper.png,296.0,158.0,339.0,208.0,/home/amir/Desktop/COGAR/COGAR_Foundation-Model-Segmentation-for-Robotic-Scenes/outputs/cogar_sim_500/sam_box_200/masks/row_0192_object_212_sam_mask.png,,0.9671544432640076,0.9493464052287581,cuda,vit_b
193,000010.png,213,data/cogar_sim_500/rgb/000010.png,/home/amir/Desktop/COGAR/COGAR_Foundation-Model-Segmentation-for-Robotic-Scenes/outputs/cogar_sim_500/gt_binary_masks/ann_00000213_img_000010_cat_robot_gripper.png,365.0,78.0,428.0,133.0,/home/amir/Desktop/COGAR/COGAR_Foundation-Model-Segmentation-for-Robotic-Scenes/outputs/cogar_sim_500/sam_box_200/masks/row_0193_object_213_sam_mask.png,,0.7612429857254028,0.09153318077803203,cuda,vit_b
194,000012.png,218,data/cogar_sim_500/rgb/000012.png,/home/amir/Desktop/COGAR/COGAR_Foundation-Model-Segmentation-for-Robotic-Scenes/outputs/cogar_sim_500/gt_binary_masks/ann_00000218_img_000012_cat_metal_part.png,476.0,319.0,638.0,460.0,/home/amir/Desktop/COGAR/COGAR_Foundation-Model-Segmentation-for-Robotic-Scenes/outputs/cogar_sim_500/sam_box_200/masks/row_0194_object_218_sam_mask.png,,0.9900170564651489,0.9151955938426776,cuda,vit_b
195,000012.png,219,data/cogar_sim_500/rgb/000012.png,/home/amir/Desktop/COGAR/COGAR_Foundation-Model-Segmentation-for-Robotic-Scenes/outputs/cogar_sim_500/gt_binary_masks/ann_00000219_img_000012_cat_tool.png,479.0,274.0,640.0,372.0,/home/amir/Desktop/COGAR/COGAR_Foundation-Model-Segmentation-for-Robotic-Scenes/outputs/cogar_sim_500/sam_box_200/masks/row_0195_object_219_sam_mask.png,,0.6634364724159241,0.6429906542056075,cuda,vit_b
196,000012.png,220,data/cogar_sim_500/rgb/000012.png,/home/amir/Desktop/COGAR/COGAR_Foundation-Model-Segmentation-for-Robotic-Scenes/outputs/cogar_sim_500/gt_binary_masks/ann_00000220_img_000012_cat_connector.png,426.0,273.0,459.0,329.0,/home/amir/Desktop/COGAR/COGAR_Foundation-Model-Segmentation-for-Robotic-Scenes/outputs/cogar_sim_500/sam_box_200/masks/row_0196_object_220_sam_mask.png,,0.9740368723869324,0.9589201877934272,cuda,vit_b
197,000012.png,221,data/cogar_sim_500/rgb/000012.png,/home/amir/Desktop/COGAR/COGAR_Foundation-Model-Segmentation-for-Robotic-Scenes/outputs/cogar_sim_500/gt_binary_masks/ann_00000221_img_000012_cat_box.png,559.0,179.0,584.0,234.0,/home/amir/Desktop/COGAR/COGAR_Foundation-Model-Segmentation-for-Robotic-Scenes/outputs/cogar_sim_500/sam_box_200/masks/row_0197_object_221_sam_mask.png,,0.9668657779693604,0.9715025906735751,cuda,vit_b
198,000012.png,222,data/cogar_sim_500/rgb/000012.png,/home/amir/Desktop/COGAR/COGAR_Foundation-Model-Segmentation-for-Robotic-Scenes/outputs/cogar_sim_500/gt_binary_masks/ann_00000222_img_000012_cat_plastic_object.png,301.0,279.0,369.0,385.0,/home/amir/Desktop/COGAR/COGAR_Foundation-Model-Segmentation-for-Robotic-Scenes/outputs/cogar_sim_500/sam_box_200/masks/row_0198_object_222_sam_mask.png,,0.9876187443733215,0.9873417721518988,cuda,vit_b
199,000012.png,223,data/cogar_sim_500/rgb/000012.png,/home/amir/Desktop/COGAR/COGAR_Foundation-Model-Segmentation-for-Robotic-Scenes/outputs/cogar_sim_500/gt_binary_masks/ann_00000223_img_000012_cat_plastic_object.png,432.0,179.0,482.0,262.0,/home/amir/Desktop/COGAR/COGAR_Foundation-Model-Segmentation-for-Robotic-Scenes/outputs/cogar_sim_500/sam_box_200/masks/row_0199_object_223_sam_mask.png,,0.9754961133003235,0.9585933068633012,cuda,vit_b
