row_index,file_name,object_id,image_path,gt_mask_path,bbox_xmin,bbox_ymin,bbox_xmax,bbox_ymax,sam_mask_path,sam_visualization_path,sam_score,iou,boundary_f1,latency_sec,fps,device,model_type
0,000129.png,1060,data/cogar_sim_500_final/rgb/000129.png,/home/amir/Desktop/COGAR/COGAR_Foundation-Model-Segmentation-for-Robotic-Scenes/data/cogar_sim_500_final/instance_masks/final/ann_00001060_img_000129_cat_box.png,65.0,244.0,291.0,474.0,/home/amir/Desktop/COGAR/COGAR_Foundation-Model-Segmentation-for-Robotic-Scenes/outputs/sim_sam_vit_h_box_cpu_25/masks/row_0000_object_1060_sam_mask.png,,0.9896186590194702,0.989388043862752,1.0,0.09784024599866825,10.220742903831328,cpu,vit_h
1,000079.png,694,data/cogar_sim_500_final/rgb/000079.png,/home/amir/Desktop/COGAR/COGAR_Foundation-Model-Segmentation-for-Robotic-Scenes/data/cogar_sim_500_final/instance_masks/final/ann_00000694_img_000079_cat_box.png,28.0,175.0,220.0,405.0,/home/amir/Desktop/COGAR/COGAR_Foundation-Model-Segmentation-for-Robotic-Scenes/outputs/sim_sam_vit_h_box_cpu_25/masks/row_0001_object_694_sam_mask.png,,0.9778101444244385,0.9453788141743713,0.8746089426577185,0.06368127199675655,15.703203919213998,cpu,vit_h
2,000639.png,5578,data/cogar_sim_500_final/rgb/000639.png,/home/amir/Desktop/COGAR/COGAR_Foundation-Model-Segmentation-for-Robotic-Scenes/data/cogar_sim_500_final/instance_masks/final/ann_00005578_img_000639_cat_box.png,139.0,311.0,392.0,480.0,/home/amir/Desktop/COGAR/COGAR_Foundation-Model-Segmentation-for-Robotic-Scenes/outputs/sim_sam_vit_h_box_cpu_25/masks/row_0002_object_5578_sam_mask.png,,0.9807196855545044,0.978636543797067,0.8905109489051095,0.06626520899953903,15.090875213371115,cpu,vit_h
3,000014.png,152,data/cogar_sim_500_final/rgb/000014.png,/home/amir/Desktop/COGAR/COGAR_Foundation-Model-Segmentation-for-Robotic-Scenes/data/cogar_sim_500_final/instance_masks/final/ann_00000152_img_000014_cat_box.png,111.0,179.0,309.0,364.0,/home/amir/Desktop/COGAR/COGAR_Foundation-Model-Segmentation-for-Robotic-Scenes/outputs/sim_sam_vit_h_box_cpu_25/masks/row_0003_object_152_sam_mask.png,,0.9798100590705872,0.9861810667699858,1.0,0.0643842780009436,15.531742081278667,cpu,vit_h
4,000429.png,3745,data/cogar_sim_500_final/rgb/000429.png,/home/amir/Desktop/COGAR/COGAR_Foundation-Model-Segmentation-for-Robotic-Scenes/data/cogar_sim_500_final/instance_masks/final/ann_00003745_img_000429_cat_box.png,88.0,194.0,238.0,352.0,/home/amir/Desktop/COGAR/COGAR_Foundation-Model-Segmentation-for-Robotic-Scenes/outputs/sim_sam_vit_h_box_cpu_25/masks/row_0004_object_3745_sam_mask.png,,0.9607702493667603,0.9896419370103581,1.0,0.06412216999888187,15.595230167934702,cpu,vit_h
5,000107.png,907,data/cogar_sim_500_final/rgb/000107.png,/home/amir/Desktop/COGAR/COGAR_Foundation-Model-Segmentation-for-Robotic-Scenes/data/cogar_sim_500_final/instance_masks/final/ann_00000907_img_000107_cat_box.png,55.0,152.0,289.0,383.0,/home/amir/Desktop/COGAR/COGAR_Foundation-Model-Segmentation-for-Robotic-Scenes/outputs/sim_sam_vit_h_box_cpu_25/masks/row_0005_object_907_sam_mask.png,,0.9928035140037537,0.9850580514891469,1.0,0.06574923600055627,15.2093022037783,cpu,vit_h
6,000172.png,1453,data/cogar_sim_500_final/rgb/000172.png,/home/amir/Desktop/COGAR/COGAR_Foundation-Model-Segmentation-for-Robotic-Scenes/data/cogar_sim_500_final/instance_masks/final/ann_00001453_img_000172_cat_box.png,68.0,136.0,257.0,335.0,/home/amir/Desktop/COGAR/COGAR_Foundation-Model-Segmentation-for-Robotic-Scenes/outputs/sim_sam_vit_h_box_cpu_25/masks/row_0006_object_1453_sam_mask.png,,0.9989693760871887,0.9905778894472361,1.0,0.06498529799864627,15.388095935496537,cpu,vit_h
7,000177.png,1487,data/cogar_sim_500_final/rgb/000177.png,/home/amir/Desktop/COGAR/COGAR_Foundation-Model-Segmentation-for-Robotic-Scenes/data/cogar_sim_500_final/instance_masks/final/ann_00001487_img_000177_cat_box.png,314.0,223.0,530.0,406.0,/home/amir/Desktop/COGAR/COGAR_Foundation-Model-Segmentation-for-Robotic-Scenes/outputs/sim_sam_vit_h_box_cpu_25/masks/row_0007_object_1487_sam_mask.png,,0.9896891117095947,0.9847417459338376,1.0,0.0646706900006393,15.462955474730741,cpu,vit_h
8,000647.png,5641,data/cogar_sim_500_final/rgb/000647.png,/home/amir/Desktop/COGAR/COGAR_Foundation-Model-Segmentation-for-Robotic-Scenes/data/cogar_sim_500_final/instance_masks/final/ann_00005641_img_000647_cat_box.png,127.0,199.0,303.0,415.0,/home/amir/Desktop/COGAR/COGAR_Foundation-Model-Segmentation-for-Robotic-Scenes/outputs/sim_sam_vit_h_box_cpu_25/masks/row_0008_object_5641_sam_mask.png,,0.983494758605957,0.9847556682157442,0.9945558460545358,0.06516751799790654,15.345068075664999,cpu,vit_h
9,000307.png,2611,data/cogar_sim_500_final/rgb/000307.png,/home/amir/Desktop/COGAR/COGAR_Foundation-Model-Segmentation-for-Robotic-Scenes/data/cogar_sim_500_final/instance_masks/final/ann_00002611_img_000307_cat_box.png,35.0,202.0,237.0,418.0,/home/amir/Desktop/COGAR/COGAR_Foundation-Model-Segmentation-for-Robotic-Scenes/outputs/sim_sam_vit_h_box_cpu_25/masks/row_0009_object_2611_sam_mask.png,,0.9700758457183838,0.925815383508936,0.8373404849870137,0.0673130270006368,14.855965398652177,cpu,vit_h
10,000590.png,5142,data/cogar_sim_500_final/rgb/000590.png,/home/amir/Desktop/COGAR/COGAR_Foundation-Model-Segmentation-for-Robotic-Scenes/data/cogar_sim_500_final/instance_masks/final/ann_00005142_img_000590_cat_box.png,85.0,251.0,335.0,479.0,/home/amir/Desktop/COGAR/COGAR_Foundation-Model-Segmentation-for-Robotic-Scenes/outputs/sim_sam_vit_h_box_cpu_25/masks/row_0010_object_5142_sam_mask.png,,0.9846188426017761,0.9879122938530734,0.9974886991461578,0.06337451999934274,15.779212213526367,cpu,vit_h
11,000550.png,4797,data/cogar_sim_500_final/rgb/000550.png,/home/amir/Desktop/COGAR/COGAR_Foundation-Model-Segmentation-for-Robotic-Scenes/data/cogar_sim_500_final/instance_masks/final/ann_00004797_img_000550_cat_box.png,387.0,224.0,624.0,421.0,/home/amir/Desktop/COGAR/COGAR_Foundation-Model-Segmentation-for-Robotic-Scenes/outputs/sim_sam_vit_h_box_cpu_25/masks/row_0011_object_4797_sam_mask.png,,0.968387246131897,0.976943393532729,0.8773969034112747,0.06671551899853512,14.989016274038987,cpu,vit_h
12,000165.png,1390,data/cogar_sim_500_final/rgb/000165.png,/home/amir/Desktop/COGAR/COGAR_Foundation-Model-Segmentation-for-Robotic-Scenes/data/cogar_sim_500_final/instance_masks/final/ann_00001390_img_000165_cat_box.png,178.0,274.0,388.0,480.0,/home/amir/Desktop/COGAR/COGAR_Foundation-Model-Segmentation-for-Robotic-Scenes/outputs/sim_sam_vit_h_box_cpu_25/masks/row_0012_object_1390_sam_mask.png,,0.9833129644393921,0.9913393245397883,0.9777227722772277,0.06643335599801503,15.052679259947054,cpu,vit_h
13,000465.png,4065,data/cogar_sim_500_final/rgb/000465.png,/home/amir/Desktop/COGAR/COGAR_Foundation-Model-Segmentation-for-Robotic-Scenes/data/cogar_sim_500_final/instance_masks/final/ann_00004065_img_000465_cat_box.png,32.0,0.0,240.0,197.0,/home/amir/Desktop/COGAR/COGAR_Foundation-Model-Segmentation-for-Robotic-Scenes/outputs/sim_sam_vit_h_box_cpu_25/masks/row_0013_object_4065_sam_mask.png,,0.9843987226486206,0.9872623502286729,0.9801663467690339,0.06588817600277252,15.177229977620275,cpu,vit_h
14,000205.png,1717,data/cogar_sim_500_final/rgb/000205.png,/home/amir/Desktop/COGAR/COGAR_Foundation-Model-Segmentation-for-Robotic-Scenes/data/cogar_sim_500_final/instance_masks/final/ann_00001717_img_000205_cat_box.png,0.0,251.0,199.0,431.0,/home/amir/Desktop/COGAR/COGAR_Foundation-Model-Segmentation-for-Robotic-Scenes/outputs/sim_sam_vit_h_box_cpu_25/masks/row_0014_object_1717_sam_mask.png,,0.9925315380096436,0.9907249301459174,1.0,0.06557157299903338,15.25051107153921,cpu,vit_h
15,000288.png,2454,data/cogar_sim_500_final/rgb/000288.png,/home/amir/Desktop/COGAR/COGAR_Foundation-Model-Segmentation-for-Robotic-Scenes/data/cogar_sim_500_final/instance_masks/final/ann_00002454_img_000288_cat_box.png,328.0,233.0,604.0,480.0,/home/amir/Desktop/COGAR/COGAR_Foundation-Model-Segmentation-for-Robotic-Scenes/outputs/sim_sam_vit_h_box_cpu_25/masks/row_0015_object_2454_sam_mask.png,,0.994929313659668,0.9898224984184869,0.9568706118355066,0.06767724500241457,14.776015187443317,cpu,vit_h
16,000468.png,4096,data/cogar_sim_500_final/rgb/000468.png,/home/amir/Desktop/COGAR/COGAR_Foundation-Model-Segmentation-for-Robotic-Scenes/data/cogar_sim_500_final/instance_masks/final/ann_00004096_img_000468_cat_box.png,222.0,143.0,474.0,368.0,/home/amir/Desktop/COGAR/COGAR_Foundation-Model-Segmentation-for-Robotic-Scenes/outputs/sim_sam_vit_h_box_cpu_25/masks/row_0016_object_4096_sam_mask.png,,0.98564612865448,0.9880597014925373,0.9802371541501977,0.06446448700080509,15.51241693721244,cpu,vit_h
17,000078.png,684,data/cogar_sim_500_final/rgb/000078.png,/home/amir/Desktop/COGAR/COGAR_Foundation-Model-Segmentation-for-Robotic-Scenes/data/cogar_sim_500_final/instance_masks/final/ann_00000684_img_000078_cat_box.png,135.0,155.0,320.0,389.0,/home/amir/Desktop/COGAR/COGAR_Foundation-Model-Segmentation-for-Robotic-Scenes/outputs/sim_sam_vit_h_box_cpu_25/masks/row_0017_object_684_sam_mask.png,,0.9815493226051331,0.9787569107053108,0.9471577877765108,0.06541827500041109,15.286248376217747,cpu,vit_h
18,000473.png,4121,data/cogar_sim_500_final/rgb/000473.png,/home/amir/Desktop/COGAR/COGAR_Foundation-Model-Segmentation-for-Robotic-Scenes/data/cogar_sim_500_final/instance_masks/final/ann_00004121_img_000473_cat_box.png,310.0,187.0,531.0,393.0,/home/amir/Desktop/COGAR/COGAR_Foundation-Model-Segmentation-for-Robotic-Scenes/outputs/sim_sam_vit_h_box_cpu_25/masks/row_0018_object_4121_sam_mask.png,,0.9859905242919922,0.9891822885171,0.9953076438122836,0.06681490100163501,14.966721270387414,cpu,vit_h
19,000448.png,3915,data/cogar_sim_500_final/rgb/000448.png,/home/amir/Desktop/COGAR/COGAR_Foundation-Model-Segmentation-for-Robotic-Scenes/data/cogar_sim_500_final/instance_masks/final/ann_00003915_img_000448_cat_box.png,189.0,218.0,366.0,384.0,/home/amir/Desktop/COGAR/COGAR_Foundation-Model-Segmentation-for-Robotic-Scenes/outputs/sim_sam_vit_h_box_cpu_25/masks/row_0019_object_3915_sam_mask.png,,0.9922335147857666,0.9855084891099297,1.0,0.06576920199950109,15.204685013626678,cpu,vit_h
20,000321.png,2736,data/cogar_sim_500_final/rgb/000321.png,/home/amir/Desktop/COGAR/COGAR_Foundation-Model-Segmentation-for-Robotic-Scenes/data/cogar_sim_500_final/instance_masks/final/ann_00002736_img_000321_cat_box.png,252.0,58.0,476.0,263.0,/home/amir/Desktop/COGAR/COGAR_Foundation-Model-Segmentation-for-Robotic-Scenes/outputs/sim_sam_vit_h_box_cpu_25/masks/row_0020_object_2736_sam_mask.png,,0.9898837208747864,0.9856860008439092,1.0,0.06433476699749008,15.543695060541891,cpu,vit_h
21,000461.png,4022,data/cogar_sim_500_final/rgb/000461.png,/home/amir/Desktop/COGAR/COGAR_Foundation-Model-Segmentation-for-Robotic-Scenes/data/cogar_sim_500_final/instance_masks/final/ann_00004022_img_000461_cat_box.png,126.0,109.0,332.0,304.0,/home/amir/Desktop/COGAR/COGAR_Foundation-Model-Segmentation-for-Robotic-Scenes/outputs/sim_sam_vit_h_box_cpu_25/masks/row_0021_object_4022_sam_mask.png,,0.9929357767105103,0.9870683677714602,0.9951255691672465,0.0632087070007401,15.820605221180859,cpu,vit_h
22,000481.png,4198,data/cogar_sim_500_final/rgb/000481.png,/home/amir/Desktop/COGAR/COGAR_Foundation-Model-Segmentation-for-Robotic-Scenes/data/cogar_sim_500_final/instance_masks/final/ann_00004198_img_000481_cat_box.png,235.0,182.0,421.0,351.0,/home/amir/Desktop/COGAR/COGAR_Foundation-Model-Segmentation-for-Robotic-Scenes/outputs/sim_sam_vit_h_box_cpu_25/masks/row_0022_object_4198_sam_mask.png,,0.9826555252075195,0.979565201178357,0.9544721386562037,0.06765983799778041,14.779816647400265,cpu,vit_h
23,000546.png,4761,data/cogar_sim_500_final/rgb/000546.png,/home/amir/Desktop/COGAR/COGAR_Foundation-Model-Segmentation-for-Robotic-Scenes/data/cogar_sim_500_final/instance_masks/final/ann_00004761_img_000546_cat_box.png,434.0,10.0,640.0,231.0,/home/amir/Desktop/COGAR/COGAR_Foundation-Model-Segmentation-for-Robotic-Scenes/outputs/sim_sam_vit_h_box_cpu_25/masks/row_0023_object_4761_sam_mask.png,,0.9919131994247437,0.9861579885471576,1.0,0.0634883130005619,15.75093041125773,cpu,vit_h
24,000446.png,3889,data/cogar_sim_500_final/rgb/000446.png,/home/amir/Desktop/COGAR/COGAR_Foundation-Model-Segmentation-for-Robotic-Scenes/data/cogar_sim_500_final/instance_masks/final/ann_00003889_img_000446_cat_box.png,485.0,260.0,640.0,470.0,/home/amir/Desktop/COGAR/COGAR_Foundation-Model-Segmentation-for-Robotic-Scenes/outputs/sim_sam_vit_h_box_cpu_25/masks/row_0024_object_3889_sam_mask.png,,0.9916191101074219,0.9856501843706962,1.0,0.07820753300256911,12.786492062946802,cpu,vit_h
