image_id,file_name,scene_id,scene_family,primary_challenge,reflective,transparent,occlusion,small_parts,dynamic,num_objects,camera_view,lighting_condition
1,000000.png,pilot_v2_scene_000,reflective_metal,reflective_metal,1,0,0,1,0,15,top,randomized
2,000001.png,pilot_v2_scene_001,transparent_glass,transparent_glass,1,1,1,1,0,18,oblique,randomized
3,000002.png,pilot_v2_scene_002,partial_occlusion,partial_occlusion,1,1,1,1,0,20,top,randomized
4,000003.png,pilot_v2_scene_003,small_parts,small_parts,1,0,0,1,0,39,oblique,randomized
5,000004.png,pilot_v2_scene_004,dynamic_scene,dynamic_scene,1,0,1,1,1,20,top,randomized
6,000005.png,pilot_v2_scene_005,reflective_metal,reflective_metal,1,0,1,1,0,23,front,randomized
7,000006.png,pilot_v2_scene_006,transparent_glass,transparent_glass,1,1,1,1,0,18,top,randomized
8,000007.png,pilot_v2_scene_007,partial_occlusion,partial_occlusion,1,0,1,1,0,17,oblique,randomized
9,000008.png,pilot_v2_scene_008,small_parts,small_parts,1,0,1,1,0,46,top,randomized
10,000009.png,pilot_v2_scene_009,dynamic_scene,dynamic_scene,1,1,1,1,1,20,top,randomized
11,000010.png,pilot_v2_scene_010,reflective_metal,reflective_metal,1,0,1,1,0,22,top,randomized
12,000011.png,pilot_v2_scene_011,transparent_glass,transparent_glass,1,1,1,0,0,14,oblique,randomized
13,000012.png,pilot_v2_scene_012,partial_occlusion,partial_occlusion,1,1,1,1,0,23,oblique,randomized
14,000013.png,pilot_v2_scene_013,small_parts,small_parts,1,0,1,1,0,35,oblique,randomized
15,000014.png,pilot_v2_scene_014,dynamic_scene,dynamic_scene,1,0,0,1,1,21,top,randomized
16,000015.png,pilot_v2_scene_015,reflective_metal,reflective_metal,1,0,0,1,0,14,front,randomized
17,000016.png,pilot_v2_scene_016,transparent_glass,transparent_glass,0,1,0,1,0,13,front,randomized
18,000017.png,pilot_v2_scene_017,partial_occlusion,partial_occlusion,1,1,1,1,0,19,oblique,randomized
19,000018.png,pilot_v2_scene_018,small_parts,small_parts,1,0,1,1,0,31,oblique,randomized
20,000019.png,pilot_v2_scene_019,dynamic_scene,dynamic_scene,1,1,1,1,1,25,oblique,randomized
21,000020.png,pilot_v2_scene_020,reflective_metal,reflective_metal,1,0,1,1,0,21,oblique,randomized
22,000021.png,pilot_v2_scene_021,transparent_glass,transparent_glass,1,1,0,1,0,17,oblique,randomized
23,000022.png,pilot_v2_scene_022,partial_occlusion,partial_occlusion,1,1,1,1,0,24,front,randomized
24,000023.png,pilot_v2_scene_023,small_parts,small_parts,1,0,0,1,0,23,oblique,randomized
25,000024.png,pilot_v2_scene_024,dynamic_scene,dynamic_scene,1,0,1,1,1,20,oblique,randomized
26,000025.png,pilot_v2_scene_025,reflective_metal,reflective_metal,1,0,1,1,0,22,top,randomized
27,000026.png,pilot_v2_scene_026,transparent_glass,transparent_glass,1,1,1,1,0,16,front,randomized
28,000027.png,pilot_v2_scene_027,partial_occlusion,partial_occlusion,1,1,1,1,0,24,top,randomized
29,000028.png,pilot_v2_scene_028,small_parts,small_parts,1,0,1,1,0,26,top,randomized
30,000029.png,pilot_v2_scene_029,dynamic_scene,dynamic_scene,1,1,1,1,1,25,front,randomized
31,000030.png,pilot_v2_scene_030,reflective_metal,reflective_metal,1,0,1,1,0,22,front,randomized
32,000031.png,pilot_v2_scene_031,transparent_glass,transparent_glass,1,1,0,1,0,19,top,randomized
33,000032.png,pilot_v2_scene_032,partial_occlusion,partial_occlusion,1,1,1,1,0,21,top,randomized
34,000033.png,pilot_v2_scene_033,small_parts,small_parts,1,0,1,1,0,34,top,randomized
35,000034.png,pilot_v2_scene_034,dynamic_scene,dynamic_scene,1,0,0,1,1,12,oblique,randomized
36,000035.png,pilot_v2_scene_035,reflective_metal,reflective_metal,1,0,0,1,0,12,oblique,randomized
37,000036.png,pilot_v2_scene_036,transparent_glass,transparent_glass,1,1,0,1,0,11,top,randomized
38,000037.png,pilot_v2_scene_037,partial_occlusion,partial_occlusion,1,1,1,1,0,20,oblique,randomized
39,000038.png,pilot_v2_scene_038,small_parts,small_parts,1,0,0,1,0,35,front,randomized
40,000039.png,pilot_v2_scene_039,dynamic_scene,dynamic_scene,1,0,1,1,1,23,top,randomized
41,000040.png,pilot_v2_scene_040,reflective_metal,reflective_metal,1,0,0,1,0,13,front,randomized
42,000041.png,pilot_v2_scene_041,transparent_glass,transparent_glass,1,1,1,1,0,20,top,randomized
43,000042.png,pilot_v2_scene_042,partial_occlusion,partial_occlusion,0,1,1,1,0,19,oblique,randomized
44,000043.png,pilot_v2_scene_043,small_parts,small_parts,0,0,0,1,0,32,oblique,randomized
45,000044.png,pilot_v2_scene_044,dynamic_scene,dynamic_scene,1,1,1,1,1,25,oblique,randomized
46,000045.png,pilot_v2_scene_045,reflective_metal,reflective_metal,1,0,0,1,0,16,oblique,randomized
47,000046.png,pilot_v2_scene_046,transparent_glass,transparent_glass,1,1,0,1,0,14,front,randomized
48,000047.png,pilot_v2_scene_047,partial_occlusion,partial_occlusion,1,1,1,1,0,24,front,randomized
49,000048.png,pilot_v2_scene_048,small_parts,small_parts,1,0,1,1,0,28,oblique,randomized
50,000049.png,pilot_v2_scene_049,dynamic_scene,dynamic_scene,1,1,1,1,1,25,front,randomized
51,000050.png,pilot_v2_scene_050,reflective_metal,reflective_metal,1,0,0,1,0,17,top,randomized
52,000051.png,pilot_v2_scene_051,transparent_glass,transparent_glass,0,1,1,1,0,21,front,randomized
53,000052.png,pilot_v2_scene_052,partial_occlusion,partial_occlusion,1,1,1,1,0,21,front,randomized
54,000053.png,pilot_v2_scene_053,small_parts,small_parts,1,0,0,1,0,36,oblique,randomized
55,000054.png,pilot_v2_scene_054,dynamic_scene,dynamic_scene,1,1,1,1,1,22,oblique,randomized
56,000055.png,pilot_v2_scene_055,reflective_metal,reflective_metal,1,0,0,1,0,15,oblique,randomized
57,000056.png,pilot_v2_scene_056,transparent_glass,transparent_glass,1,1,0,0,0,14,front,randomized
58,000057.png,pilot_v2_scene_057,partial_occlusion,partial_occlusion,1,1,1,1,0,15,top,randomized
59,000058.png,pilot_v2_scene_058,small_parts,small_parts,1,0,1,1,0,41,oblique,randomized
60,000059.png,pilot_v2_scene_059,dynamic_scene,dynamic_scene,1,1,0,1,1,21,oblique,randomized
61,000060.png,pilot_v2_scene_060,reflective_metal,reflective_metal,1,0,1,1,0,22,oblique,randomized
62,000061.png,pilot_v2_scene_061,transparent_glass,transparent_glass,1,1,0,1,0,16,oblique,randomized
63,000062.png,pilot_v2_scene_062,partial_occlusion,partial_occlusion,1,1,1,1,0,18,oblique,randomized
64,000063.png,pilot_v2_scene_063,small_parts,small_parts,1,0,0,1,0,27,top,randomized
65,000064.png,pilot_v2_scene_064,dynamic_scene,dynamic_scene,1,1,1,1,1,24,oblique,randomized
66,000065.png,pilot_v2_scene_065,reflective_metal,reflective_metal,1,0,0,1,0,13,top,randomized
67,000066.png,pilot_v2_scene_066,transparent_glass,transparent_glass,1,1,1,1,0,17,oblique,randomized
68,000067.png,pilot_v2_scene_067,partial_occlusion,partial_occlusion,1,1,1,1,0,18,top,randomized
69,000068.png,pilot_v2_scene_068,small_parts,small_parts,0,0,0,1,0,36,oblique,randomized
70,000069.png,pilot_v2_scene_069,dynamic_scene,dynamic_scene,1,1,1,1,1,24,top,randomized
71,000070.png,pilot_v2_scene_070,reflective_metal,reflective_metal,1,0,1,1,0,17,oblique,randomized
72,000071.png,pilot_v2_scene_071,transparent_glass,transparent_glass,0,1,0,1,0,10,top,randomized
73,000072.png,pilot_v2_scene_072,partial_occlusion,partial_occlusion,1,1,1,1,0,24,oblique,randomized
74,000073.png,pilot_v2_scene_073,small_parts,small_parts,1,0,1,1,0,31,front,randomized
75,000074.png,pilot_v2_scene_074,dynamic_scene,dynamic_scene,1,1,1,1,1,25,oblique,randomized
76,000075.png,pilot_v2_scene_075,reflective_metal,reflective_metal,1,0,0,1,0,20,oblique,randomized
77,000076.png,pilot_v2_scene_076,transparent_glass,transparent_glass,1,1,1,1,0,19,top,randomized
78,000077.png,pilot_v2_scene_077,partial_occlusion,partial_occlusion,1,1,1,1,0,19,oblique,randomized
79,000078.png,pilot_v2_scene_078,small_parts,small_parts,0,0,1,1,0,32,oblique,randomized
80,000079.png,pilot_v2_scene_079,dynamic_scene,dynamic_scene,1,1,1,1,1,21,front,randomized
81,000080.png,pilot_v2_scene_080,reflective_metal,reflective_metal,1,0,1,1,0,24,front,randomized
82,000081.png,pilot_v2_scene_081,transparent_glass,transparent_glass,1,1,0,1,0,18,oblique,randomized
83,000082.png,pilot_v2_scene_082,partial_occlusion,partial_occlusion,1,1,1,1,0,19,top,randomized
84,000083.png,pilot_v2_scene_083,small_parts,small_parts,1,0,0,1,0,29,oblique,randomized
85,000084.png,pilot_v2_scene_084,dynamic_scene,dynamic_scene,1,1,0,1,1,13,top,randomized
86,000085.png,pilot_v2_scene_085,reflective_metal,reflective_metal,1,0,0,1,0,15,top,randomized
87,000086.png,pilot_v2_scene_086,transparent_glass,transparent_glass,1,1,1,1,0,12,oblique,randomized
88,000087.png,pilot_v2_scene_087,partial_occlusion,partial_occlusion,1,1,1,1,0,15,oblique,randomized
89,000088.png,pilot_v2_scene_088,small_parts,small_parts,1,0,1,1,0,34,oblique,randomized
90,000089.png,pilot_v2_scene_089,dynamic_scene,dynamic_scene,1,1,0,1,1,20,front,randomized
91,000090.png,pilot_v2_scene_090,reflective_metal,reflective_metal,1,0,1,1,0,20,top,randomized
92,000091.png,pilot_v2_scene_091,transparent_glass,transparent_glass,1,1,1,0,0,17,top,randomized
93,000092.png,pilot_v2_scene_092,partial_occlusion,partial_occlusion,1,1,1,1,0,18,oblique,randomized
94,000093.png,pilot_v2_scene_093,small_parts,small_parts,1,0,1,1,0,28,oblique,randomized
95,000094.png,pilot_v2_scene_094,dynamic_scene,dynamic_scene,1,1,1,1,1,20,oblique,randomized
96,000095.png,pilot_v2_scene_095,reflective_metal,reflective_metal,1,0,1,1,0,21,oblique,randomized
97,000096.png,pilot_v2_scene_096,transparent_glass,transparent_glass,1,1,1,1,0,18,top,randomized
98,000097.png,pilot_v2_scene_097,partial_occlusion,partial_occlusion,1,1,1,1,0,16,oblique,randomized
99,000098.png,pilot_v2_scene_098,small_parts,small_parts,1,0,1,1,0,36,oblique,randomized
100,000099.png,pilot_v2_scene_099,dynamic_scene,dynamic_scene,1,1,0,1,1,16,front,randomized
101,000100.png,pilot_v2_scene_100,reflective_metal,reflective_metal,1,0,1,1,0,16,oblique,randomized
102,000101.png,pilot_v2_scene_101,transparent_glass,transparent_glass,1,1,1,1,0,20,front,randomized
103,000102.png,pilot_v2_scene_102,partial_occlusion,partial_occlusion,1,1,1,1,0,20,oblique,randomized
104,000103.png,pilot_v2_scene_103,small_parts,small_parts,1,0,0,1,0,30,oblique,randomized
105,000104.png,pilot_v2_scene_104,dynamic_scene,dynamic_scene,1,0,0,1,1,13,oblique,randomized
106,000105.png,pilot_v2_scene_105,reflective_metal,reflective_metal,1,0,0,1,0,17,oblique,randomized
107,000106.png,pilot_v2_scene_106,transparent_glass,transparent_glass,0,1,0,1,0,11,oblique,randomized
108,000107.png,pilot_v2_scene_107,partial_occlusion,partial_occlusion,1,1,1,1,0,16,front,randomized
109,000108.png,pilot_v2_scene_108,small_parts,small_parts,0,0,1,1,0,31,top,randomized
110,000109.png,pilot_v2_scene_109,dynamic_scene,dynamic_scene,1,1,0,1,1,17,oblique,randomized
111,000110.png,pilot_v2_scene_110,reflective_metal,reflective_metal,1,0,1,1,0,19,front,randomized
112,000111.png,pilot_v2_scene_111,transparent_glass,transparent_glass,1,1,0,1,0,15,oblique,randomized
113,000112.png,pilot_v2_scene_112,partial_occlusion,partial_occlusion,1,1,1,1,0,15,front,randomized
114,000113.png,pilot_v2_scene_113,small_parts,small_parts,1,0,1,1,0,45,top,randomized
115,000114.png,pilot_v2_scene_114,dynamic_scene,dynamic_scene,1,1,1,1,1,22,oblique,randomized
116,000115.png,pilot_v2_scene_115,reflective_metal,reflective_metal,1,0,1,1,0,22,front,randomized
117,000116.png,pilot_v2_scene_116,transparent_glass,transparent_glass,0,1,0,1,0,9,front,randomized
118,000117.png,pilot_v2_scene_117,partial_occlusion,partial_occlusion,1,1,1,1,0,19,front,randomized
119,000118.png,pilot_v2_scene_118,small_parts,small_parts,1,0,1,1,0,41,front,randomized
120,000119.png,pilot_v2_scene_119,dynamic_scene,dynamic_scene,1,1,1,1,1,18,front,randomized
121,000120.png,pilot_v2_scene_120,reflective_metal,reflective_metal,1,0,1,1,0,19,oblique,randomized
122,000121.png,pilot_v2_scene_121,transparent_glass,transparent_glass,1,1,0,1,0,9,top,randomized
123,000122.png,pilot_v2_scene_122,partial_occlusion,partial_occlusion,1,1,1,1,0,24,oblique,randomized
124,000123.png,pilot_v2_scene_123,small_parts,small_parts,1,0,0,1,0,33,oblique,randomized
125,000124.png,pilot_v2_scene_124,dynamic_scene,dynamic_scene,1,1,1,1,1,22,top,randomized
126,000125.png,pilot_v2_scene_125,reflective_metal,reflective_metal,1,0,1,1,0,15,front,randomized
127,000126.png,pilot_v2_scene_126,transparent_glass,transparent_glass,1,1,0,1,0,16,oblique,randomized
128,000127.png,pilot_v2_scene_127,partial_occlusion,partial_occlusion,1,1,1,1,0,15,oblique,randomized
129,000128.png,pilot_v2_scene_128,small_parts,small_parts,1,0,0,1,0,32,oblique,randomized
130,000129.png,pilot_v2_scene_129,dynamic_scene,dynamic_scene,1,1,0,1,1,20,top,randomized
131,000130.png,pilot_v2_scene_130,reflective_metal,reflective_metal,1,0,1,1,0,16,front,randomized
132,000131.png,pilot_v2_scene_131,transparent_glass,transparent_glass,1,1,0,1,0,17,oblique,randomized
133,000132.png,pilot_v2_scene_132,partial_occlusion,partial_occlusion,1,1,1,1,0,21,front,randomized
134,000133.png,pilot_v2_scene_133,small_parts,small_parts,0,0,1,1,0,37,top,randomized
135,000134.png,pilot_v2_scene_134,dynamic_scene,dynamic_scene,1,1,1,1,1,22,oblique,randomized
136,000135.png,pilot_v2_scene_135,reflective_metal,reflective_metal,1,0,0,1,0,13,oblique,randomized
137,000136.png,pilot_v2_scene_136,transparent_glass,transparent_glass,1,1,0,1,0,13,front,randomized
138,000137.png,pilot_v2_scene_137,partial_occlusion,partial_occlusion,1,1,1,1,0,21,top,randomized
139,000138.png,pilot_v2_scene_138,small_parts,small_parts,1,0,0,1,0,33,oblique,randomized
140,000139.png,pilot_v2_scene_139,dynamic_scene,dynamic_scene,1,1,1,1,1,23,oblique,randomized
141,000140.png,pilot_v2_scene_140,reflective_metal,reflective_metal,1,0,0,1,0,18,front,randomized
142,000141.png,pilot_v2_scene_141,transparent_glass,transparent_glass,1,1,1,1,0,16,oblique,randomized
143,000142.png,pilot_v2_scene_142,partial_occlusion,partial_occlusion,1,1,1,1,0,15,top,randomized
144,000143.png,pilot_v2_scene_143,small_parts,small_parts,1,0,1,1,0,42,top,randomized
145,000144.png,pilot_v2_scene_144,dynamic_scene,dynamic_scene,1,1,1,1,1,22,top,randomized
146,000145.png,pilot_v2_scene_145,reflective_metal,reflective_metal,1,0,1,1,0,14,front,randomized
147,000146.png,pilot_v2_scene_146,transparent_glass,transparent_glass,1,1,1,0,0,16,oblique,randomized
148,000147.png,pilot_v2_scene_147,partial_occlusion,partial_occlusion,1,1,1,1,0,23,front,randomized
149,000148.png,pilot_v2_scene_148,small_parts,small_parts,1,0,1,1,0,30,oblique,randomized
150,000149.png,pilot_v2_scene_149,dynamic_scene,dynamic_scene,1,0,0,1,1,17,oblique,randomized
151,000150.png,pilot_v2_scene_150,reflective_metal,reflective_metal,1,0,0,1,0,18,oblique,randomized
152,000151.png,pilot_v2_scene_151,transparent_glass,transparent_glass,1,1,1,1,0,12,front,randomized
153,000152.png,pilot_v2_scene_152,partial_occlusion,partial_occlusion,1,0,1,1,0,16,top,randomized
154,000153.png,pilot_v2_scene_153,small_parts,small_parts,0,0,1,1,0,35,front,randomized
155,000154.png,pilot_v2_scene_154,dynamic_scene,dynamic_scene,1,1,1,1,1,26,oblique,randomized
156,000155.png,pilot_v2_scene_155,reflective_metal,reflective_metal,1,0,0,1,0,13,oblique,randomized
157,000156.png,pilot_v2_scene_156,transparent_glass,transparent_glass,1,1,0,0,0,13,oblique,randomized
158,000157.png,pilot_v2_scene_157,partial_occlusion,partial_occlusion,1,1,1,1,0,19,oblique,randomized
159,000158.png,pilot_v2_scene_158,small_parts,small_parts,1,0,1,1,0,37,top,randomized
160,000159.png,pilot_v2_scene_159,dynamic_scene,dynamic_scene,1,1,1,1,1,21,top,randomized
161,000160.png,pilot_v2_scene_160,reflective_metal,reflective_metal,1,0,1,1,0,13,oblique,randomized
162,000161.png,pilot_v2_scene_161,transparent_glass,transparent_glass,1,1,1,1,0,14,top,randomized
163,000162.png,pilot_v2_scene_162,partial_occlusion,partial_occlusion,1,1,1,1,0,25,oblique,randomized
164,000163.png,pilot_v2_scene_163,small_parts,small_parts,1,0,0,1,0,30,front,randomized
165,000164.png,pilot_v2_scene_164,dynamic_scene,dynamic_scene,1,1,0,1,1,16,oblique,randomized
166,000165.png,pilot_v2_scene_165,reflective_metal,reflective_metal,1,0,1,1,0,18,oblique,randomized
167,000166.png,pilot_v2_scene_166,transparent_glass,transparent_glass,0,1,0,1,0,13,front,randomized
168,000167.png,pilot_v2_scene_167,partial_occlusion,partial_occlusion,1,1,1,1,0,22,top,randomized
169,000168.png,pilot_v2_scene_168,small_parts,small_parts,1,0,1,1,0,47,oblique,randomized
170,000169.png,pilot_v2_scene_169,dynamic_scene,dynamic_scene,1,1,0,1,1,16,oblique,randomized
171,000170.png,pilot_v2_scene_170,reflective_metal,reflective_metal,1,0,0,1,0,20,front,randomized
172,000171.png,pilot_v2_scene_171,transparent_glass,transparent_glass,1,1,1,1,0,17,oblique,randomized
173,000172.png,pilot_v2_scene_172,partial_occlusion,partial_occlusion,1,1,1,1,0,22,oblique,randomized
174,000173.png,pilot_v2_scene_173,small_parts,small_parts,1,0,1,1,0,27,front,randomized
175,000174.png,pilot_v2_scene_174,dynamic_scene,dynamic_scene,1,1,1,1,1,22,oblique,randomized
176,000175.png,pilot_v2_scene_175,reflective_metal,reflective_metal,1,0,0,1,0,15,top,randomized
177,000176.png,pilot_v2_scene_176,transparent_glass,transparent_glass,1,1,1,1,0,18,oblique,randomized
178,000177.png,pilot_v2_scene_177,partial_occlusion,partial_occlusion,1,1,1,1,0,25,front,randomized
179,000178.png,pilot_v2_scene_178,small_parts,small_parts,1,0,1,1,0,36,front,randomized
180,000179.png,pilot_v2_scene_179,dynamic_scene,dynamic_scene,1,1,1,1,1,25,top,randomized
181,000180.png,pilot_v2_scene_180,reflective_metal,reflective_metal,1,0,0,1,0,13,oblique,randomized
182,000181.png,pilot_v2_scene_181,transparent_glass,transparent_glass,1,1,1,1,0,19,oblique,randomized
183,000182.png,pilot_v2_scene_182,partial_occlusion,partial_occlusion,1,1,1,1,0,19,oblique,randomized
184,000183.png,pilot_v2_scene_183,small_parts,small_parts,1,0,0,1,0,33,oblique,randomized
185,000184.png,pilot_v2_scene_184,dynamic_scene,dynamic_scene,1,1,0,1,1,14,top,randomized
186,000185.png,pilot_v2_scene_185,reflective_metal,reflective_metal,1,0,1,1,0,24,front,randomized
187,000186.png,pilot_v2_scene_186,transparent_glass,transparent_glass,1,1,1,0,0,12,top,randomized
188,000187.png,pilot_v2_scene_187,partial_occlusion,partial_occlusion,1,1,1,1,0,24,oblique,randomized
189,000188.png,pilot_v2_scene_188,small_parts,small_parts,1,0,1,1,0,39,oblique,randomized
190,000189.png,pilot_v2_scene_189,dynamic_scene,dynamic_scene,0,1,0,1,1,17,front,randomized
191,000190.png,pilot_v2_scene_190,reflective_metal,reflective_metal,1,0,1,1,0,20,oblique,randomized
192,000191.png,pilot_v2_scene_191,transparent_glass,transparent_glass,0,1,1,1,0,15,front,randomized
193,000192.png,pilot_v2_scene_192,partial_occlusion,partial_occlusion,1,1,1,1,0,16,oblique,randomized
194,000193.png,pilot_v2_scene_193,small_parts,small_parts,1,0,1,1,0,34,top,randomized
195,000194.png,pilot_v2_scene_194,dynamic_scene,dynamic_scene,1,0,0,1,1,22,oblique,randomized
196,000195.png,pilot_v2_scene_195,reflective_metal,reflective_metal,1,0,1,1,0,15,oblique,randomized
197,000196.png,pilot_v2_scene_196,transparent_glass,transparent_glass,1,1,1,1,0,16,front,randomized
198,000197.png,pilot_v2_scene_197,partial_occlusion,partial_occlusion,1,1,1,1,0,19,top,randomized
199,000198.png,pilot_v2_scene_198,small_parts,small_parts,1,0,1,1,0,29,oblique,randomized
200,000199.png,pilot_v2_scene_199,dynamic_scene,dynamic_scene,1,1,0,1,1,21,front,randomized
201,000200.png,pilot_v2_scene_200,reflective_metal,reflective_metal,1,0,1,1,0,18,front,randomized
202,000201.png,pilot_v2_scene_201,transparent_glass,transparent_glass,1,1,1,0,0,18,top,randomized
203,000202.png,pilot_v2_scene_202,partial_occlusion,partial_occlusion,0,1,1,1,0,15,front,randomized
204,000203.png,pilot_v2_scene_203,small_parts,small_parts,1,0,0,1,0,33,top,randomized
205,000204.png,pilot_v2_scene_204,dynamic_scene,dynamic_scene,1,0,0,1,1,23,oblique,randomized
206,000205.png,pilot_v2_scene_205,reflective_metal,reflective_metal,1,0,1,1,0,24,oblique,randomized
207,000206.png,pilot_v2_scene_206,transparent_glass,transparent_glass,1,1,0,1,0,12,top,randomized
208,000207.png,pilot_v2_scene_207,partial_occlusion,partial_occlusion,1,1,1,1,0,20,oblique,randomized
209,000208.png,pilot_v2_scene_208,small_parts,small_parts,1,0,1,1,0,34,front,randomized
210,000209.png,pilot_v2_scene_209,dynamic_scene,dynamic_scene,1,1,1,1,1,19,top,randomized
211,000210.png,pilot_v2_scene_210,reflective_metal,reflective_metal,1,0,0,1,0,21,oblique,randomized
212,000211.png,pilot_v2_scene_211,transparent_glass,transparent_glass,1,1,1,1,0,21,oblique,randomized
213,000212.png,pilot_v2_scene_212,partial_occlusion,partial_occlusion,1,1,1,1,0,15,oblique,randomized
214,000213.png,pilot_v2_scene_213,small_parts,small_parts,1,0,0,1,0,28,top,randomized
215,000214.png,pilot_v2_scene_214,dynamic_scene,dynamic_scene,1,1,1,1,1,25,top,randomized
216,000215.png,pilot_v2_scene_215,reflective_metal,reflective_metal,1,0,1,1,0,18,oblique,randomized
217,000216.png,pilot_v2_scene_216,transparent_glass,transparent_glass,1,1,0,1,0,16,oblique,randomized
218,000217.png,pilot_v2_scene_217,partial_occlusion,partial_occlusion,1,1,1,1,0,21,oblique,randomized
219,000218.png,pilot_v2_scene_218,small_parts,small_parts,1,0,0,1,0,32,front,randomized
220,000219.png,pilot_v2_scene_219,dynamic_scene,dynamic_scene,1,1,1,1,1,25,front,randomized
221,000220.png,pilot_v2_scene_220,reflective_metal,reflective_metal,1,0,1,1,0,24,top,randomized
222,000221.png,pilot_v2_scene_221,transparent_glass,transparent_glass,0,1,1,0,0,12,oblique,randomized
223,000222.png,pilot_v2_scene_222,partial_occlusion,partial_occlusion,1,1,1,1,0,18,front,randomized
224,000223.png,pilot_v2_scene_223,small_parts,small_parts,0,0,1,1,0,32,front,randomized
225,000224.png,pilot_v2_scene_224,dynamic_scene,dynamic_scene,1,1,0,1,1,17,top,randomized
226,000225.png,pilot_v2_scene_225,reflective_metal,reflective_metal,1,0,0,1,0,20,oblique,randomized
227,000226.png,pilot_v2_scene_226,transparent_glass,transparent_glass,1,1,1,0,0,16,top,randomized
228,000227.png,pilot_v2_scene_227,partial_occlusion,partial_occlusion,1,1,1,1,0,16,top,randomized
229,000228.png,pilot_v2_scene_228,small_parts,small_parts,1,0,0,1,0,27,oblique,randomized
230,000229.png,pilot_v2_scene_229,dynamic_scene,dynamic_scene,1,0,1,1,1,20,front,randomized
231,000230.png,pilot_v2_scene_230,reflective_metal,reflective_metal,1,0,1,1,0,21,front,randomized
232,000231.png,pilot_v2_scene_231,transparent_glass,transparent_glass,1,1,1,1,0,14,front,randomized
233,000232.png,pilot_v2_scene_232,partial_occlusion,partial_occlusion,1,1,1,1,0,25,oblique,randomized
234,000233.png,pilot_v2_scene_233,small_parts,small_parts,1,0,0,1,0,36,front,randomized
235,000234.png,pilot_v2_scene_234,dynamic_scene,dynamic_scene,1,1,1,0,1,18,oblique,randomized
236,000235.png,pilot_v2_scene_235,reflective_metal,reflective_metal,1,0,1,1,0,17,front,randomized
237,000236.png,pilot_v2_scene_236,transparent_glass,transparent_glass,1,1,1,1,0,17,oblique,randomized
238,000237.png,pilot_v2_scene_237,partial_occlusion,partial_occlusion,1,1,1,1,0,18,top,randomized
239,000238.png,pilot_v2_scene_238,small_parts,small_parts,1,0,0,1,0,45,oblique,randomized
240,000239.png,pilot_v2_scene_239,dynamic_scene,dynamic_scene,1,1,0,1,1,18,oblique,randomized
241,000240.png,pilot_v2_scene_240,reflective_metal,reflective_metal,1,0,0,1,0,14,oblique,randomized
242,000241.png,pilot_v2_scene_241,transparent_glass,transparent_glass,1,1,1,1,0,22,top,randomized
243,000242.png,pilot_v2_scene_242,partial_occlusion,partial_occlusion,1,1,1,1,0,23,front,randomized
244,000243.png,pilot_v2_scene_243,small_parts,small_parts,0,0,1,1,0,28,oblique,randomized
245,000244.png,pilot_v2_scene_244,dynamic_scene,dynamic_scene,1,0,0,1,1,20,front,randomized
246,000245.png,pilot_v2_scene_245,reflective_metal,reflective_metal,1,0,1,1,0,18,oblique,randomized
247,000246.png,pilot_v2_scene_246,transparent_glass,transparent_glass,1,1,0,1,0,17,top,randomized
248,000247.png,pilot_v2_scene_247,partial_occlusion,partial_occlusion,1,0,1,1,0,16,top,randomized
249,000248.png,pilot_v2_scene_248,small_parts,small_parts,1,0,1,1,0,36,top,randomized
250,000249.png,pilot_v2_scene_249,dynamic_scene,dynamic_scene,1,1,1,1,1,20,oblique,randomized
251,000250.png,pilot_v2_scene_250,reflective_metal,reflective_metal,1,0,0,1,0,14,top,randomized
252,000251.png,pilot_v2_scene_251,transparent_glass,transparent_glass,1,1,0,1,0,14,front,randomized
253,000252.png,pilot_v2_scene_252,partial_occlusion,partial_occlusion,1,1,1,1,0,18,top,randomized
254,000253.png,pilot_v2_scene_253,small_parts,small_parts,1,0,1,1,0,28,oblique,randomized
255,000254.png,pilot_v2_scene_254,dynamic_scene,dynamic_scene,1,1,1,0,1,17,front,randomized
256,000255.png,pilot_v2_scene_255,reflective_metal,reflective_metal,1,0,1,1,0,20,oblique,randomized
257,000256.png,pilot_v2_scene_256,transparent_glass,transparent_glass,1,1,0,1,0,16,oblique,randomized
258,000257.png,pilot_v2_scene_257,partial_occlusion,partial_occlusion,1,1,1,1,0,19,oblique,randomized
259,000258.png,pilot_v2_scene_258,small_parts,small_parts,1,0,1,1,0,33,front,randomized
260,000259.png,pilot_v2_scene_259,dynamic_scene,dynamic_scene,1,1,1,1,1,24,oblique,randomized
261,000260.png,pilot_v2_scene_260,reflective_metal,reflective_metal,1,0,1,1,0,19,oblique,randomized
262,000261.png,pilot_v2_scene_261,transparent_glass,transparent_glass,1,1,1,1,0,21,oblique,randomized
263,000262.png,pilot_v2_scene_262,partial_occlusion,partial_occlusion,1,1,1,1,0,15,front,randomized
264,000263.png,pilot_v2_scene_263,small_parts,small_parts,1,0,1,1,0,25,front,randomized
265,000264.png,pilot_v2_scene_264,dynamic_scene,dynamic_scene,1,1,1,1,1,21,top,randomized
266,000265.png,pilot_v2_scene_265,reflective_metal,reflective_metal,1,0,0,1,0,15,top,randomized
267,000266.png,pilot_v2_scene_266,transparent_glass,transparent_glass,1,1,1,1,0,12,oblique,randomized
268,000267.png,pilot_v2_scene_267,partial_occlusion,partial_occlusion,1,1,1,1,0,20,oblique,randomized
269,000268.png,pilot_v2_scene_268,small_parts,small_parts,1,0,0,1,0,32,oblique,randomized
270,000269.png,pilot_v2_scene_269,dynamic_scene,dynamic_scene,1,0,1,1,1,18,oblique,randomized
271,000270.png,pilot_v2_scene_270,reflective_metal,reflective_metal,1,0,0,1,0,15,top,randomized
272,000271.png,pilot_v2_scene_271,transparent_glass,transparent_glass,1,1,0,1,0,14,top,randomized
273,000272.png,pilot_v2_scene_272,partial_occlusion,partial_occlusion,1,1,1,1,0,23,front,randomized
274,000273.png,pilot_v2_scene_273,small_parts,small_parts,0,0,0,1,0,28,oblique,randomized
275,000274.png,pilot_v2_scene_274,dynamic_scene,dynamic_scene,1,1,0,1,1,16,oblique,randomized
276,000275.png,pilot_v2_scene_275,reflective_metal,reflective_metal,1,0,0,1,0,18,oblique,randomized
277,000276.png,pilot_v2_scene_276,transparent_glass,transparent_glass,1,1,1,0,0,17,oblique,randomized
278,000277.png,pilot_v2_scene_277,partial_occlusion,partial_occlusion,1,1,1,1,0,17,oblique,randomized
279,000278.png,pilot_v2_scene_278,small_parts,small_parts,1,0,1,1,0,36,front,randomized
280,000279.png,pilot_v2_scene_279,dynamic_scene,dynamic_scene,1,1,0,1,1,23,front,randomized
281,000280.png,pilot_v2_scene_280,reflective_metal,reflective_metal,1,0,0,1,0,14,top,randomized
282,000281.png,pilot_v2_scene_281,transparent_glass,transparent_glass,1,1,1,1,0,21,top,randomized
283,000282.png,pilot_v2_scene_282,partial_occlusion,partial_occlusion,1,1,1,1,0,19,front,randomized
284,000283.png,pilot_v2_scene_283,small_parts,small_parts,0,0,1,1,0,32,oblique,randomized
285,000284.png,pilot_v2_scene_284,dynamic_scene,dynamic_scene,1,1,1,1,1,23,front,randomized
286,000285.png,pilot_v2_scene_285,reflective_metal,reflective_metal,1,0,1,1,0,18,oblique,randomized
287,000286.png,pilot_v2_scene_286,transparent_glass,transparent_glass,1,1,1,1,0,17,top,randomized
288,000287.png,pilot_v2_scene_287,partial_occlusion,partial_occlusion,1,1,1,1,0,18,oblique,randomized
289,000288.png,pilot_v2_scene_288,small_parts,small_parts,1,0,1,1,0,32,oblique,randomized
290,000289.png,pilot_v2_scene_289,dynamic_scene,dynamic_scene,1,0,1,1,1,20,oblique,randomized
291,000290.png,pilot_v2_scene_290,reflective_metal,reflective_metal,1,0,1,1,0,15,front,randomized
292,000291.png,pilot_v2_scene_291,transparent_glass,transparent_glass,1,1,1,1,0,16,oblique,randomized
293,000292.png,pilot_v2_scene_292,partial_occlusion,partial_occlusion,1,1,1,1,0,19,oblique,randomized
294,000293.png,pilot_v2_scene_293,small_parts,small_parts,1,0,1,1,0,37,top,randomized
295,000294.png,pilot_v2_scene_294,dynamic_scene,dynamic_scene,1,1,0,1,1,20,oblique,randomized
296,000295.png,pilot_v2_scene_295,reflective_metal,reflective_metal,1,0,0,1,0,15,oblique,randomized
297,000296.png,pilot_v2_scene_296,transparent_glass,transparent_glass,1,1,0,1,0,13,top,randomized
298,000297.png,pilot_v2_scene_297,partial_occlusion,partial_occlusion,1,1,1,1,0,15,oblique,randomized
299,000298.png,pilot_v2_scene_298,small_parts,small_parts,0,0,0,1,0,36,front,randomized
300,000299.png,pilot_v2_scene_299,dynamic_scene,dynamic_scene,1,1,1,1,1,20,oblique,randomized
301,000300.png,pilot_v2_scene_300,reflective_metal,reflective_metal,1,0,1,1,0,17,oblique,randomized
302,000301.png,pilot_v2_scene_301,transparent_glass,transparent_glass,1,1,1,1,0,14,front,randomized
303,000302.png,pilot_v2_scene_302,partial_occlusion,partial_occlusion,1,1,1,1,0,23,front,randomized
304,000303.png,pilot_v2_scene_303,small_parts,small_parts,1,0,0,1,0,32,oblique,randomized
305,000304.png,pilot_v2_scene_304,dynamic_scene,dynamic_scene,1,1,1,1,1,23,top,randomized
306,000305.png,pilot_v2_scene_305,reflective_metal,reflective_metal,1,0,1,1,0,21,oblique,randomized
307,000306.png,pilot_v2_scene_306,transparent_glass,transparent_glass,0,1,1,1,0,16,oblique,randomized
308,000307.png,pilot_v2_scene_307,partial_occlusion,partial_occlusion,1,1,1,1,0,24,oblique,randomized
309,000308.png,pilot_v2_scene_308,small_parts,small_parts,1,0,0,1,0,31,oblique,randomized
310,000309.png,pilot_v2_scene_309,dynamic_scene,dynamic_scene,1,1,1,1,1,26,top,randomized
311,000310.png,pilot_v2_scene_310,reflective_metal,reflective_metal,1,0,0,1,0,15,oblique,randomized
312,000311.png,pilot_v2_scene_311,transparent_glass,transparent_glass,1,1,0,1,0,14,oblique,randomized
313,000312.png,pilot_v2_scene_312,partial_occlusion,partial_occlusion,1,1,1,1,0,23,front,randomized
314,000313.png,pilot_v2_scene_313,small_parts,small_parts,1,0,0,1,0,30,oblique,randomized
315,000314.png,pilot_v2_scene_314,dynamic_scene,dynamic_scene,1,0,0,1,1,20,oblique,randomized
316,000315.png,pilot_v2_scene_315,reflective_metal,reflective_metal,1,0,1,1,0,18,front,randomized
317,000316.png,pilot_v2_scene_316,transparent_glass,transparent_glass,1,1,1,0,0,14,oblique,randomized
318,000317.png,pilot_v2_scene_317,partial_occlusion,partial_occlusion,1,1,1,1,0,23,oblique,randomized
319,000318.png,pilot_v2_scene_318,small_parts,small_parts,1,0,1,1,0,26,top,randomized
320,000319.png,pilot_v2_scene_319,dynamic_scene,dynamic_scene,1,0,1,1,1,20,oblique,randomized
321,000320.png,pilot_v2_scene_320,reflective_metal,reflective_metal,1,0,0,1,0,19,front,randomized
322,000321.png,pilot_v2_scene_321,transparent_glass,transparent_glass,1,1,1,1,0,15,top,randomized
323,000322.png,pilot_v2_scene_322,partial_occlusion,partial_occlusion,1,1,1,1,0,15,front,randomized
324,000323.png,pilot_v2_scene_323,small_parts,small_parts,1,0,1,1,0,33,front,randomized
325,000324.png,pilot_v2_scene_324,dynamic_scene,dynamic_scene,1,0,1,1,1,18,front,randomized
326,000325.png,pilot_v2_scene_325,reflective_metal,reflective_metal,1,0,0,1,0,15,front,randomized
327,000326.png,pilot_v2_scene_326,transparent_glass,transparent_glass,1,1,0,0,0,13,top,randomized
328,000327.png,pilot_v2_scene_327,partial_occlusion,partial_occlusion,1,1,1,1,0,21,top,randomized
329,000328.png,pilot_v2_scene_328,small_parts,small_parts,1,0,0,1,0,25,oblique,randomized
330,000329.png,pilot_v2_scene_329,dynamic_scene,dynamic_scene,1,1,1,1,1,20,top,randomized
331,000330.png,pilot_v2_scene_330,reflective_metal,reflective_metal,1,0,1,1,0,21,front,randomized
332,000331.png,pilot_v2_scene_331,transparent_glass,transparent_glass,1,1,0,1,0,17,oblique,randomized
333,000332.png,pilot_v2_scene_332,partial_occlusion,partial_occlusion,1,0,1,1,0,15,front,randomized
334,000333.png,pilot_v2_scene_333,small_parts,small_parts,1,0,0,1,0,33,top,randomized
335,000334.png,pilot_v2_scene_334,dynamic_scene,dynamic_scene,0,0,0,1,1,16,oblique,randomized
336,000335.png,pilot_v2_scene_335,reflective_metal,reflective_metal,1,0,0,1,0,17,oblique,randomized
337,000336.png,pilot_v2_scene_336,transparent_glass,transparent_glass,1,1,1,1,0,22,oblique,randomized
338,000337.png,pilot_v2_scene_337,partial_occlusion,partial_occlusion,1,1,1,1,0,19,oblique,randomized
339,000338.png,pilot_v2_scene_338,small_parts,small_parts,1,0,1,1,0,38,front,randomized
340,000339.png,pilot_v2_scene_339,dynamic_scene,dynamic_scene,1,1,1,1,1,22,front,randomized
341,000340.png,pilot_v2_scene_340,reflective_metal,reflective_metal,1,0,0,1,0,16,oblique,randomized
342,000341.png,pilot_v2_scene_341,transparent_glass,transparent_glass,1,1,1,1,0,18,oblique,randomized
343,000342.png,pilot_v2_scene_342,partial_occlusion,partial_occlusion,1,1,1,1,0,20,top,randomized
344,000343.png,pilot_v2_scene_343,small_parts,small_parts,1,0,1,1,0,41,oblique,randomized
345,000344.png,pilot_v2_scene_344,dynamic_scene,dynamic_scene,1,0,1,1,1,18,oblique,randomized
346,000345.png,pilot_v2_scene_345,reflective_metal,reflective_metal,1,0,1,1,0,22,oblique,randomized
347,000346.png,pilot_v2_scene_346,transparent_glass,transparent_glass,1,1,1,1,0,16,oblique,randomized
348,000347.png,pilot_v2_scene_347,partial_occlusion,partial_occlusion,1,1,1,1,0,20,oblique,randomized
349,000348.png,pilot_v2_scene_348,small_parts,small_parts,1,0,1,1,0,37,oblique,randomized
350,000349.png,pilot_v2_scene_349,dynamic_scene,dynamic_scene,0,1,1,1,1,22,front,randomized
351,000350.png,pilot_v2_scene_350,reflective_metal,reflective_metal,1,0,1,1,0,20,oblique,randomized
352,000351.png,pilot_v2_scene_351,transparent_glass,transparent_glass,0,1,1,1,0,16,front,randomized
353,000352.png,pilot_v2_scene_352,partial_occlusion,partial_occlusion,1,1,1,1,0,18,top,randomized
354,000353.png,pilot_v2_scene_353,small_parts,small_parts,1,0,1,1,0,36,top,randomized
355,000354.png,pilot_v2_scene_354,dynamic_scene,dynamic_scene,1,1,0,0,1,18,oblique,randomized
356,000355.png,pilot_v2_scene_355,reflective_metal,reflective_metal,1,0,1,1,0,22,oblique,randomized
357,000356.png,pilot_v2_scene_356,transparent_glass,transparent_glass,1,1,1,1,0,17,oblique,randomized
358,000357.png,pilot_v2_scene_357,partial_occlusion,partial_occlusion,1,1,1,1,0,20,oblique,randomized
359,000358.png,pilot_v2_scene_358,small_parts,small_parts,1,0,1,1,0,38,oblique,randomized
360,000359.png,pilot_v2_scene_359,dynamic_scene,dynamic_scene,1,1,0,1,1,19,oblique,randomized
361,000360.png,pilot_v2_scene_360,reflective_metal,reflective_metal,1,0,0,1,0,12,oblique,randomized
362,000361.png,pilot_v2_scene_361,transparent_glass,transparent_glass,1,1,1,1,0,13,oblique,randomized
363,000362.png,pilot_v2_scene_362,partial_occlusion,partial_occlusion,1,1,1,1,0,25,oblique,randomized
364,000363.png,pilot_v2_scene_363,small_parts,small_parts,1,0,0,1,0,34,front,randomized
365,000364.png,pilot_v2_scene_364,dynamic_scene,dynamic_scene,1,0,0,1,1,24,oblique,randomized
366,000365.png,pilot_v2_scene_365,reflective_metal,reflective_metal,1,0,1,1,0,24,top,randomized
367,000366.png,pilot_v2_scene_366,transparent_glass,transparent_glass,1,1,0,0,0,14,top,randomized
368,000367.png,pilot_v2_scene_367,partial_occlusion,partial_occlusion,1,1,1,1,0,17,oblique,randomized
369,000368.png,pilot_v2_scene_368,small_parts,small_parts,1,0,0,1,0,34,oblique,randomized
370,000369.png,pilot_v2_scene_369,dynamic_scene,dynamic_scene,0,1,0,1,1,14,front,randomized
371,000370.png,pilot_v2_scene_370,reflective_metal,reflective_metal,1,0,0,1,0,18,oblique,randomized
372,000371.png,pilot_v2_scene_371,transparent_glass,transparent_glass,1,1,0,1,0,18,oblique,randomized
373,000372.png,pilot_v2_scene_372,partial_occlusion,partial_occlusion,1,1,1,1,0,21,oblique,randomized
374,000373.png,pilot_v2_scene_373,small_parts,small_parts,1,0,1,1,0,32,oblique,randomized
375,000374.png,pilot_v2_scene_374,dynamic_scene,dynamic_scene,1,1,0,1,1,22,oblique,randomized
376,000375.png,pilot_v2_scene_375,reflective_metal,reflective_metal,1,0,1,1,0,18,top,randomized
377,000376.png,pilot_v2_scene_376,transparent_glass,transparent_glass,1,1,1,1,0,20,front,randomized
378,000377.png,pilot_v2_scene_377,partial_occlusion,partial_occlusion,1,1,1,1,0,18,top,randomized
379,000378.png,pilot_v2_scene_378,small_parts,small_parts,0,0,1,1,0,31,top,randomized
380,000379.png,pilot_v2_scene_379,dynamic_scene,dynamic_scene,1,1,1,1,1,22,oblique,randomized
381,000380.png,pilot_v2_scene_380,reflective_metal,reflective_metal,1,0,1,1,0,21,front,randomized
382,000381.png,pilot_v2_scene_381,transparent_glass,transparent_glass,1,1,0,1,0,14,top,randomized
383,000382.png,pilot_v2_scene_382,partial_occlusion,partial_occlusion,1,0,1,1,0,20,oblique,randomized
384,000383.png,pilot_v2_scene_383,small_parts,small_parts,0,0,0,1,0,29,front,randomized
385,000384.png,pilot_v2_scene_384,dynamic_scene,dynamic_scene,0,1,1,1,1,18,oblique,randomized
386,000385.png,pilot_v2_scene_385,reflective_metal,reflective_metal,1,0,0,1,0,13,oblique,randomized
387,000386.png,pilot_v2_scene_386,transparent_glass,transparent_glass,1,1,1,1,0,20,top,randomized
388,000387.png,pilot_v2_scene_387,partial_occlusion,partial_occlusion,1,1,1,1,0,25,top,randomized
389,000388.png,pilot_v2_scene_388,small_parts,small_parts,1,0,0,1,0,37,top,randomized
390,000389.png,pilot_v2_scene_389,dynamic_scene,dynamic_scene,1,1,1,1,1,16,front,randomized
391,000390.png,pilot_v2_scene_390,reflective_metal,reflective_metal,1,0,0,1,0,20,front,randomized
392,000391.png,pilot_v2_scene_391,transparent_glass,transparent_glass,1,1,1,1,0,18,front,randomized
393,000392.png,pilot_v2_scene_392,partial_occlusion,partial_occlusion,1,0,1,1,0,16,front,randomized
394,000393.png,pilot_v2_scene_393,small_parts,small_parts,1,0,0,1,0,32,front,randomized
395,000394.png,pilot_v2_scene_394,dynamic_scene,dynamic_scene,1,1,1,1,1,17,front,randomized
396,000395.png,pilot_v2_scene_395,reflective_metal,reflective_metal,1,0,0,1,0,20,top,randomized
397,000396.png,pilot_v2_scene_396,transparent_glass,transparent_glass,1,1,0,1,0,12,oblique,randomized
398,000397.png,pilot_v2_scene_397,partial_occlusion,partial_occlusion,1,1,1,1,0,18,top,randomized
399,000398.png,pilot_v2_scene_398,small_parts,small_parts,0,0,1,1,0,32,top,randomized
400,000399.png,pilot_v2_scene_399,dynamic_scene,dynamic_scene,1,1,1,0,1,17,top,randomized
401,000400.png,pilot_v2_scene_400,reflective_metal,reflective_metal,1,0,1,1,0,20,front,randomized
402,000401.png,pilot_v2_scene_401,transparent_glass,transparent_glass,1,1,1,1,0,20,oblique,randomized
403,000402.png,pilot_v2_scene_402,partial_occlusion,partial_occlusion,1,1,1,1,0,21,top,randomized
404,000403.png,pilot_v2_scene_403,small_parts,small_parts,1,0,0,1,0,27,oblique,randomized
405,000404.png,pilot_v2_scene_404,dynamic_scene,dynamic_scene,1,1,1,1,1,22,front,randomized
406,000405.png,pilot_v2_scene_405,reflective_metal,reflective_metal,1,0,1,1,0,23,oblique,randomized
407,000406.png,pilot_v2_scene_406,transparent_glass,transparent_glass,1,1,1,1,0,13,oblique,randomized
408,000407.png,pilot_v2_scene_407,partial_occlusion,partial_occlusion,1,1,1,1,0,25,oblique,randomized
409,000408.png,pilot_v2_scene_408,small_parts,small_parts,1,0,1,1,0,34,top,randomized
410,000409.png,pilot_v2_scene_409,dynamic_scene,dynamic_scene,0,1,0,1,1,15,top,randomized
411,000410.png,pilot_v2_scene_410,reflective_metal,reflective_metal,1,0,1,1,0,22,oblique,randomized
412,000411.png,pilot_v2_scene_411,transparent_glass,transparent_glass,0,1,1,1,0,14,top,randomized
413,000412.png,pilot_v2_scene_412,partial_occlusion,partial_occlusion,1,0,1,1,0,17,oblique,randomized
414,000413.png,pilot_v2_scene_413,small_parts,small_parts,0,0,1,1,0,28,top,randomized
415,000414.png,pilot_v2_scene_414,dynamic_scene,dynamic_scene,1,1,1,1,1,27,top,randomized
416,000415.png,pilot_v2_scene_415,reflective_metal,reflective_metal,1,0,1,1,0,22,oblique,randomized
417,000416.png,pilot_v2_scene_416,transparent_glass,transparent_glass,1,1,1,1,0,20,oblique,randomized
418,000417.png,pilot_v2_scene_417,partial_occlusion,partial_occlusion,1,1,1,1,0,24,front,randomized
419,000418.png,pilot_v2_scene_418,small_parts,small_parts,1,0,1,1,0,31,top,randomized
420,000419.png,pilot_v2_scene_419,dynamic_scene,dynamic_scene,0,1,0,1,1,17,oblique,randomized
421,000420.png,pilot_v2_scene_420,reflective_metal,reflective_metal,1,0,0,1,0,10,oblique,randomized
422,000421.png,pilot_v2_scene_421,transparent_glass,transparent_glass,1,1,1,0,0,15,top,randomized
423,000422.png,pilot_v2_scene_422,partial_occlusion,partial_occlusion,1,1,1,1,0,18,top,randomized
424,000423.png,pilot_v2_scene_423,small_parts,small_parts,0,0,1,1,0,33,oblique,randomized
425,000424.png,pilot_v2_scene_424,dynamic_scene,dynamic_scene,1,1,1,1,1,24,oblique,randomized
426,000425.png,pilot_v2_scene_425,reflective_metal,reflective_metal,1,0,0,1,0,16,top,randomized
427,000426.png,pilot_v2_scene_426,transparent_glass,transparent_glass,1,1,1,1,0,17,front,randomized
428,000427.png,pilot_v2_scene_427,partial_occlusion,partial_occlusion,1,1,1,1,0,17,top,randomized
429,000428.png,pilot_v2_scene_428,small_parts,small_parts,1,0,1,1,0,41,front,randomized
430,000429.png,pilot_v2_scene_429,dynamic_scene,dynamic_scene,1,1,0,1,1,21,front,randomized
431,000430.png,pilot_v2_scene_430,reflective_metal,reflective_metal,1,0,1,1,0,19,top,randomized
432,000431.png,pilot_v2_scene_431,transparent_glass,transparent_glass,1,1,1,1,0,16,oblique,randomized
433,000432.png,pilot_v2_scene_432,partial_occlusion,partial_occlusion,1,0,1,1,0,15,oblique,randomized
434,000433.png,pilot_v2_scene_433,small_parts,small_parts,0,0,1,1,0,43,front,randomized
435,000434.png,pilot_v2_scene_434,dynamic_scene,dynamic_scene,1,1,1,1,1,17,top,randomized
436,000435.png,pilot_v2_scene_435,reflective_metal,reflective_metal,1,0,0,1,0,21,front,randomized
437,000436.png,pilot_v2_scene_436,transparent_glass,transparent_glass,1,1,1,1,0,19,oblique,randomized
438,000437.png,pilot_v2_scene_437,partial_occlusion,partial_occlusion,1,1,1,1,0,24,oblique,randomized
439,000438.png,pilot_v2_scene_438,small_parts,small_parts,1,0,1,1,0,45,top,randomized
440,000439.png,pilot_v2_scene_439,dynamic_scene,dynamic_scene,1,1,1,1,1,26,oblique,randomized
441,000440.png,pilot_v2_scene_440,reflective_metal,reflective_metal,1,0,1,1,0,15,front,randomized
442,000441.png,pilot_v2_scene_441,transparent_glass,transparent_glass,1,1,0,1,0,15,oblique,randomized
443,000442.png,pilot_v2_scene_442,partial_occlusion,partial_occlusion,1,0,1,1,0,18,top,randomized
444,000443.png,pilot_v2_scene_443,small_parts,small_parts,1,0,0,1,0,37,top,randomized
445,000444.png,pilot_v2_scene_444,dynamic_scene,dynamic_scene,0,1,1,1,1,20,oblique,randomized
446,000445.png,pilot_v2_scene_445,reflective_metal,reflective_metal,1,0,1,1,0,19,oblique,randomized
447,000446.png,pilot_v2_scene_446,transparent_glass,transparent_glass,1,1,1,1,0,19,front,randomized
448,000447.png,pilot_v2_scene_447,partial_occlusion,partial_occlusion,1,1,1,1,0,16,front,randomized
449,000448.png,pilot_v2_scene_448,small_parts,small_parts,0,0,0,1,0,28,top,randomized
450,000449.png,pilot_v2_scene_449,dynamic_scene,dynamic_scene,1,1,1,1,1,19,oblique,randomized
451,000450.png,pilot_v2_scene_450,reflective_metal,reflective_metal,1,0,1,1,0,20,oblique,randomized
452,000451.png,pilot_v2_scene_451,transparent_glass,transparent_glass,1,1,0,1,0,17,oblique,randomized
453,000452.png,pilot_v2_scene_452,partial_occlusion,partial_occlusion,1,1,1,1,0,23,front,randomized
454,000453.png,pilot_v2_scene_453,small_parts,small_parts,1,0,1,1,0,34,top,randomized
455,000454.png,pilot_v2_scene_454,dynamic_scene,dynamic_scene,1,1,0,1,1,20,front,randomized
456,000455.png,pilot_v2_scene_455,reflective_metal,reflective_metal,1,0,1,1,0,15,oblique,randomized
457,000456.png,pilot_v2_scene_456,transparent_glass,transparent_glass,1,1,1,1,0,15,front,randomized
458,000457.png,pilot_v2_scene_457,partial_occlusion,partial_occlusion,1,1,1,1,0,18,front,randomized
459,000458.png,pilot_v2_scene_458,small_parts,small_parts,0,0,1,1,0,36,oblique,randomized
460,000459.png,pilot_v2_scene_459,dynamic_scene,dynamic_scene,1,1,1,1,1,16,front,randomized
461,000460.png,pilot_v2_scene_460,reflective_metal,reflective_metal,1,0,0,1,0,14,front,randomized
462,000461.png,pilot_v2_scene_461,transparent_glass,transparent_glass,1,1,1,1,0,21,top,randomized
463,000462.png,pilot_v2_scene_462,partial_occlusion,partial_occlusion,1,1,1,1,0,25,front,randomized
464,000463.png,pilot_v2_scene_463,small_parts,small_parts,1,0,1,1,0,35,oblique,randomized
465,000464.png,pilot_v2_scene_464,dynamic_scene,dynamic_scene,1,0,1,1,1,19,top,randomized
466,000465.png,pilot_v2_scene_465,reflective_metal,reflective_metal,1,0,1,1,0,24,oblique,randomized
467,000466.png,pilot_v2_scene_466,transparent_glass,transparent_glass,1,1,0,1,0,18,oblique,randomized
468,000467.png,pilot_v2_scene_467,partial_occlusion,partial_occlusion,1,1,1,1,0,19,oblique,randomized
469,000468.png,pilot_v2_scene_468,small_parts,small_parts,1,0,1,1,0,37,top,randomized
470,000469.png,pilot_v2_scene_469,dynamic_scene,dynamic_scene,1,1,1,1,1,20,oblique,randomized
471,000470.png,pilot_v2_scene_470,reflective_metal,reflective_metal,1,0,0,1,0,16,oblique,randomized
472,000471.png,pilot_v2_scene_471,transparent_glass,transparent_glass,1,1,1,1,0,20,front,randomized
473,000472.png,pilot_v2_scene_472,partial_occlusion,partial_occlusion,1,1,1,1,0,23,top,randomized
474,000473.png,pilot_v2_scene_473,small_parts,small_parts,0,0,1,1,0,33,front,randomized
475,000474.png,pilot_v2_scene_474,dynamic_scene,dynamic_scene,1,1,1,1,1,17,top,randomized
476,000475.png,pilot_v2_scene_475,reflective_metal,reflective_metal,1,0,0,1,0,17,oblique,randomized
477,000476.png,pilot_v2_scene_476,transparent_glass,transparent_glass,1,1,0,1,0,14,oblique,randomized
478,000477.png,pilot_v2_scene_477,partial_occlusion,partial_occlusion,1,1,1,1,0,21,oblique,randomized
479,000478.png,pilot_v2_scene_478,small_parts,small_parts,1,0,1,1,0,30,front,randomized
480,000479.png,pilot_v2_scene_479,dynamic_scene,dynamic_scene,1,1,1,0,1,25,front,randomized
481,000480.png,pilot_v2_scene_480,reflective_metal,reflective_metal,1,0,1,1,0,17,front,randomized
482,000481.png,pilot_v2_scene_481,transparent_glass,transparent_glass,1,1,1,1,0,14,top,randomized
483,000482.png,pilot_v2_scene_482,partial_occlusion,partial_occlusion,1,1,1,1,0,20,oblique,randomized
484,000483.png,pilot_v2_scene_483,small_parts,small_parts,1,0,1,1,0,42,oblique,randomized
485,000484.png,pilot_v2_scene_484,dynamic_scene,dynamic_scene,1,1,0,0,1,16,top,randomized
486,000485.png,pilot_v2_scene_485,reflective_metal,reflective_metal,1,0,0,1,0,11,front,randomized
487,000486.png,pilot_v2_scene_486,transparent_glass,transparent_glass,1,1,0,0,0,16,top,randomized
488,000487.png,pilot_v2_scene_487,partial_occlusion,partial_occlusion,1,1,1,1,0,25,oblique,randomized
489,000488.png,pilot_v2_scene_488,small_parts,small_parts,1,0,0,1,0,39,top,randomized
490,000489.png,pilot_v2_scene_489,dynamic_scene,dynamic_scene,1,1,0,1,1,21,front,randomized
491,000490.png,pilot_v2_scene_490,reflective_metal,reflective_metal,1,0,0,1,0,14,front,randomized
492,000491.png,pilot_v2_scene_491,transparent_glass,transparent_glass,1,1,0,1,0,15,top,randomized
493,000492.png,pilot_v2_scene_492,partial_occlusion,partial_occlusion,1,1,1,1,0,15,oblique,randomized
494,000493.png,pilot_v2_scene_493,small_parts,small_parts,1,0,1,1,0,37,oblique,randomized
495,000494.png,pilot_v2_scene_494,dynamic_scene,dynamic_scene,1,1,1,1,1,23,front,randomized
496,000495.png,pilot_v2_scene_495,reflective_metal,reflective_metal,1,0,0,1,0,17,front,randomized
497,000496.png,pilot_v2_scene_496,transparent_glass,transparent_glass,1,1,1,1,0,18,front,randomized
498,000497.png,pilot_v2_scene_497,partial_occlusion,partial_occlusion,1,1,1,1,0,21,front,randomized
499,000498.png,pilot_v2_scene_498,small_parts,small_parts,1,0,1,1,0,43,front,randomized
500,000499.png,pilot_v2_scene_499,dynamic_scene,dynamic_scene,1,1,1,1,1,24,oblique,randomized
