dataset,model,model_group,prompt_mode,status,evaluation_type,mIoU,boundary_f1,mask_AP,mask_AP50,mask_AP75,quality_metrics_file,device,speed_status,fps,latency_mean_ms,latency_p95_ms,sample_images,checkpoint_size_mb,real_time_30fps,miou_fps_product,miou_per_ms,speed_metrics_file
isaac_official_unitree_g1,mobile_sam_vit_t,lightweight_sam,point,ok,zero_shot,0.5163515736979809,0.5984705244977367,0.3914736396846011,0.5518040718903617,0.3931486681904564,outputs/task9_lightweight_sam/evaluation/zero_shot/isaac_official_unitree_g1/mobile_sam_vit_t/point_metrics.json,cpu,ok,0.5733646499090024,1744.090780899569,1754.5191869961855,10.0,40.73,False,0.29605773928330525,0.00029605773928330527,outputs/task9_lightweight_sam/inference_speed/cpu/isaac_official_unitree_g1/mobile_sam_vit_t/point_speed.json
isaac_official_unitree_g1,mobile_sam_vit_t,lightweight_sam,point,ok,zero_shot,0.5163515736979809,0.5984705244977367,0.3914736396846011,0.5518040718903617,0.3931486681904564,outputs/task9_lightweight_sam/evaluation/zero_shot/isaac_official_unitree_g1/mobile_sam_vit_t/point_metrics.json,cuda,ok,16.836411910606394,59.39507807896007,60.075478805811144,50.0,40.73,False,8.693507785469041,0.00869350778546904,outputs/task9_lightweight_sam/inference_speed/cuda/isaac_official_unitree_g1/mobile_sam_vit_t/point_speed.json
isaac_official_unitree_g1,mobile_sam_vit_t,lightweight_sam,box,ok,zero_shot,0.6925852020345012,0.8210675122169974,0.5595626730737662,0.7880432541353167,0.5674482123217728,outputs/task9_lightweight_sam/evaluation/zero_shot/isaac_official_unitree_g1/mobile_sam_vit_t/box_metrics.json,cpu,ok,0.5770515343311834,1732.947476101981,1743.041423700197,10.0,40.73,False,0.3996573534890816,0.00039965735348908163,outputs/task9_lightweight_sam/inference_speed/cpu/isaac_official_unitree_g1/mobile_sam_vit_t/box_speed.json
isaac_official_unitree_g1,mobile_sam_vit_t,lightweight_sam,box,ok,zero_shot,0.6925852020345012,0.8210675122169974,0.5595626730737662,0.7880432541353167,0.5674482123217728,outputs/task9_lightweight_sam/evaluation/zero_shot/isaac_official_unitree_g1/mobile_sam_vit_t/box_metrics.json,cuda,ok,16.89468795704245,59.19020241999533,59.82640109723434,50.0,40.73,False,11.7010108720381,0.011701010872038101,outputs/task9_lightweight_sam/inference_speed/cuda/isaac_official_unitree_g1/mobile_sam_vit_t/box_speed.json
isaac_official_unitree_g1,mobile_sam_vit_t,lightweight_sam,automatic,ok,zero_shot,0.4208394857606574,0.47228421194066794,0.2069815779727984,0.2830873700152573,0.20858164003498178,outputs/task9_lightweight_sam/evaluation/zero_shot/isaac_official_unitree_g1/mobile_sam_vit_t/automatic_metrics.json,cpu,ok,0.005902356961073096,169423.84315200616,169423.84315200616,1.0,40.73,False,0.0024839448682738383,2.4839448682738383e-06,outputs/task9_lightweight_sam/inference_speed/cpu/isaac_official_unitree_g1/mobile_sam_vit_t/automatic_speed.json
isaac_official_unitree_g1,mobile_sam_vit_t,lightweight_sam,automatic,ok,zero_shot,0.4208394857606574,0.47228421194066794,0.2069815779727984,0.2830873700152573,0.20858164003498178,outputs/task9_lightweight_sam/evaluation/zero_shot/isaac_official_unitree_g1/mobile_sam_vit_t/automatic_metrics.json,cuda,ok,0.2174335818640833,4599.105581699405,4927.297878406534,20.0,40.73,False,0.09150463677877861,9.150463677877862e-05,outputs/task9_lightweight_sam/inference_speed/cuda/isaac_official_unitree_g1/mobile_sam_vit_t/automatic_speed.json
isaac_official_unitree_g1,efficient_sam_ti,lightweight_sam,point,ok,zero_shot,0.6031162303287844,0.6879132099513083,0.5099790230522836,0.6971924699957422,0.53249303829423,outputs/task9_lightweight_sam/evaluation/zero_shot/isaac_official_unitree_g1/efficient_sam_ti/point_metrics.json,cpu,ok,0.19720471104398568,5070.872773302835,5095.768085497548,10.0,40.98,False,0.11893736192792584,0.00011893736192792584,outputs/task9_lightweight_sam/inference_speed/cpu/isaac_official_unitree_g1/efficient_sam_ti/point_speed.json
isaac_official_unitree_g1,efficient_sam_ti,lightweight_sam,point,ok,zero_shot,0.6031162303287844,0.6879132099513083,0.5099790230522836,0.6971924699957422,0.53249303829423,outputs/task9_lightweight_sam/evaluation/zero_shot/isaac_official_unitree_g1/efficient_sam_ti/point_metrics.json,cuda,ok,8.135888792139685,122.91220118029742,124.19788959741709,50.0,40.98,False,4.906886578689494,0.004906886578689494,outputs/task9_lightweight_sam/inference_speed/cuda/isaac_official_unitree_g1/efficient_sam_ti/point_speed.json
isaac_official_unitree_g1,efficient_sam_ti,lightweight_sam,box,ok,zero_shot,0.725584813946962,0.8493492578574419,0.6276241811357607,0.8319340928554124,0.6513112410150949,outputs/task9_lightweight_sam/evaluation/zero_shot/isaac_official_unitree_g1/efficient_sam_ti/box_metrics.json,cpu,ok,0.1963477570172453,5093.004448796273,5112.108966449159,10.0,40.98,False,0.14246695074426122,0.00014246695074426123,outputs/task9_lightweight_sam/inference_speed/cpu/isaac_official_unitree_g1/efficient_sam_ti/box_speed.json
isaac_official_unitree_g1,efficient_sam_ti,lightweight_sam,box,ok,zero_shot,0.725584813946962,0.8493492578574419,0.6276241811357607,0.8319340928554124,0.6513112410150949,outputs/task9_lightweight_sam/evaluation/zero_shot/isaac_official_unitree_g1/efficient_sam_ti/box_metrics.json,cuda,ok,8.587645172342091,116.44635752076283,117.67641605329118,50.0,40.98,False,6.231064924616362,0.0062310649246163615,outputs/task9_lightweight_sam/inference_speed/cuda/isaac_official_unitree_g1/efficient_sam_ti/box_speed.json
isaac_official_unitree_g1,efficient_sam_ti,lightweight_sam,automatic,ok,zero_shot,0.024609736621030713,0.009552617036261254,8.012028829236452e-05,0.0004714757190004715,1.1780581948967696e-06,outputs/task9_lightweight_sam/evaluation/zero_shot/isaac_official_unitree_g1/efficient_sam_ti/automatic_metrics.json,cpu,ok,0.07454636103133401,13414.47102400707,13414.47102400707,1.0,40.98,False,0.0018345663110373974,1.8345663110373976e-06,outputs/task9_lightweight_sam/inference_speed/cpu/isaac_official_unitree_g1/efficient_sam_ti/automatic_speed.json
isaac_official_unitree_g1,efficient_sam_ti,lightweight_sam,automatic,ok,zero_shot,0.024609736621030713,0.009552617036261254,8.012028829236452e-05,0.0004714757190004715,1.1780581948967696e-06,outputs/task9_lightweight_sam/evaluation/zero_shot/isaac_official_unitree_g1/efficient_sam_ti/automatic_metrics.json,cuda,ok,1.8505489642782424,540.3801895023207,555.4421175074822,20.0,40.98,False,0.04554152261520872,4.554152261520872e-05,outputs/task9_lightweight_sam/inference_speed/cuda/isaac_official_unitree_g1/efficient_sam_ti/automatic_speed.json
isaac_official_unitree_g1,efficient_sam_s,lightweight_sam,point,ok,zero_shot,0.6003834057749373,0.6798424443807882,0.558467038562505,0.7245362770251133,0.587795295803082,outputs/task9_lightweight_sam/evaluation/zero_shot/isaac_official_unitree_g1/efficient_sam_s/point_metrics.json,cpu,ok,0.0952437755723664,10499.373780496535,10542.674985645135,10.0,105.74,False,0.05718278235700112,5.718278235700111e-05,outputs/task9_lightweight_sam/inference_speed/cpu/isaac_official_unitree_g1/efficient_sam_s/point_speed.json
isaac_official_unitree_g1,efficient_sam_s,lightweight_sam,point,ok,zero_shot,0.6003834057749373,0.6798424443807882,0.558467038562505,0.7245362770251133,0.587795295803082,outputs/task9_lightweight_sam/evaluation/zero_shot/isaac_official_unitree_g1/efficient_sam_s/point_metrics.json,cuda,ok,4.22439181561588,236.72046619903995,238.94903730542865,50.0,105.74,False,2.5362547455872333,0.0025362547455872334,outputs/task9_lightweight_sam/inference_speed/cuda/isaac_official_unitree_g1/efficient_sam_s/point_speed.json
isaac_official_unitree_g1,efficient_sam_s,lightweight_sam,box,ok,zero_shot,0.7321609741016039,0.8584901980277101,0.6413249727601277,0.8333119992408443,0.6609688007902221,outputs/task9_lightweight_sam/evaluation/zero_shot/isaac_official_unitree_g1/efficient_sam_s/box_metrics.json,cpu,ok,0.09560565063200858,10459.632808201422,10503.203622751607,10.0,105.74,False,0.06999872629634903,6.999872629634902e-05,outputs/task9_lightweight_sam/inference_speed/cpu/isaac_official_unitree_g1/efficient_sam_s/box_speed.json
isaac_official_unitree_g1,efficient_sam_s,lightweight_sam,box,ok,zero_shot,0.7321609741016039,0.8584901980277101,0.6413249727601277,0.8333119992408443,0.6609688007902221,outputs/task9_lightweight_sam/evaluation/zero_shot/isaac_official_unitree_g1/efficient_sam_s/box_metrics.json,cuda,ok,4.211757346668506,237.43058246007422,239.24243594738073,50.0,105.74,False,3.0836843616164,0.0030836843616163993,outputs/task9_lightweight_sam/inference_speed/cuda/isaac_official_unitree_g1/efficient_sam_s/box_speed.json
isaac_official_unitree_g1,efficient_sam_s,lightweight_sam,automatic,ok,zero_shot,0.028171585114581232,0.007689717148631389,2.080816526696343e-06,1.699716060991574e-05,0.0,outputs/task9_lightweight_sam/evaluation/zero_shot/isaac_official_unitree_g1/efficient_sam_s/automatic_metrics.json,cpu,ok,0.05288213741182212,18909.976958995685,18909.976958995685,1.0,105.74,False,0.0014897736351381274,1.4897736351381274e-06,outputs/task9_lightweight_sam/inference_speed/cpu/isaac_official_unitree_g1/efficient_sam_s/automatic_speed.json
isaac_official_unitree_g1,efficient_sam_s,lightweight_sam,automatic,ok,zero_shot,0.028171585114581232,0.007689717148631389,2.080816526696343e-06,1.699716060991574e-05,0.0,outputs/task9_lightweight_sam/evaluation/zero_shot/isaac_official_unitree_g1/efficient_sam_s/automatic_metrics.json,cuda,ok,1.4346256141460592,697.0459680487693,711.6898594489612,20.0,105.74,False,0.040415677596474076,4.041567759647408e-05,outputs/task9_lightweight_sam/inference_speed/cuda/isaac_official_unitree_g1/efficient_sam_s/automatic_speed.json
blenderproc_cogar_sim,mobile_sam_vit_t,lightweight_sam,point,ok,zero_shot,0.7399298711053601,0.7413472190728804,0.5201443042289778,0.7581041014632027,0.49734312319739366,outputs/task9_lightweight_sam/evaluation/zero_shot/blenderproc_cogar_sim/mobile_sam_vit_t/point_metrics.json,cpu,ok,0.6806270630794627,1469.2333794009755,1476.0790368512971,10.0,40.73,False,0.5036162950552067,0.0005036162950552066,outputs/task9_lightweight_sam/inference_speed/cpu/blenderproc_cogar_sim/mobile_sam_vit_t/point_speed.json
blenderproc_cogar_sim,mobile_sam_vit_t,lightweight_sam,point,ok,zero_shot,0.7399298711053601,0.7413472190728804,0.5201443042289778,0.7581041014632027,0.49734312319739366,outputs/task9_lightweight_sam/evaluation/zero_shot/blenderproc_cogar_sim/mobile_sam_vit_t/point_metrics.json,cuda,ok,15.617816721903928,64.02943623979809,64.8199252973427,50.0,40.73,False,11.55608911398551,0.011556089113985512,outputs/task9_lightweight_sam/inference_speed/cuda/blenderproc_cogar_sim/mobile_sam_vit_t/point_speed.json
blenderproc_cogar_sim,mobile_sam_vit_t,lightweight_sam,box,ok,zero_shot,0.8826941203343891,0.8728030421604923,0.7572255628171413,0.9282403035616218,0.7903139437768473,outputs/task9_lightweight_sam/evaluation/zero_shot/blenderproc_cogar_sim/mobile_sam_vit_t/box_metrics.json,cpu,ok,0.651348202834361,1535.2771308011143,1540.5665993508592,10.0,40.73,False,0.5749412289322615,0.0005749412289322615,outputs/task9_lightweight_sam/inference_speed/cpu/blenderproc_cogar_sim/mobile_sam_vit_t/box_speed.json
blenderproc_cogar_sim,mobile_sam_vit_t,lightweight_sam,box,ok,zero_shot,0.8826941203343891,0.8728030421604923,0.7572255628171413,0.9282403035616218,0.7903139437768473,outputs/task9_lightweight_sam/evaluation/zero_shot/blenderproc_cogar_sim/mobile_sam_vit_t/box_metrics.json,cuda,ok,15.736615025539493,63.5460674596834,64.2750304461515,50.0,40.73,False,13.890617557009513,0.013890617557009512,outputs/task9_lightweight_sam/inference_speed/cuda/blenderproc_cogar_sim/mobile_sam_vit_t/box_speed.json
blenderproc_cogar_sim,mobile_sam_vit_t,lightweight_sam,automatic,ok,zero_shot,0.8100797823937922,0.7975408060643621,0.47115992832101244,0.6088086462610861,0.47176830642486656,outputs/task9_lightweight_sam/evaluation/zero_shot/blenderproc_cogar_sim/mobile_sam_vit_t/automatic_metrics.json,cpu,ok,0.006287147285081434,159054.6482619975,159054.6482619975,1.0,40.73,False,0.005093090904576489,5.093090904576489e-06,outputs/task9_lightweight_sam/inference_speed/cpu/blenderproc_cogar_sim/mobile_sam_vit_t/automatic_speed.json
blenderproc_cogar_sim,mobile_sam_vit_t,lightweight_sam,automatic,ok,zero_shot,0.8100797823937922,0.7975408060643621,0.47115992832101244,0.6088086462610861,0.47176830642486656,outputs/task9_lightweight_sam/evaluation/zero_shot/blenderproc_cogar_sim/mobile_sam_vit_t/automatic_metrics.json,cuda,ok,0.19760006144782039,5060.7271712011425,6009.108864299924,20.0,40.73,False,0.1600718147786503,0.0001600718147786503,outputs/task9_lightweight_sam/inference_speed/cuda/blenderproc_cogar_sim/mobile_sam_vit_t/automatic_speed.json
blenderproc_cogar_sim,efficient_sam_ti,lightweight_sam,point,ok,zero_shot,0.7576928273501166,0.7463162903604211,0.5826088902315941,0.8175124225513029,0.5873919325716119,outputs/task9_lightweight_sam/evaluation/zero_shot/blenderproc_cogar_sim/efficient_sam_ti/point_metrics.json,cpu,ok,0.19557173051199153,5113.213435203943,5160.024504709145,10.0,40.98,False,0.14818329744138592,0.00014818329744138592,outputs/task9_lightweight_sam/inference_speed/cpu/blenderproc_cogar_sim/efficient_sam_ti/point_speed.json
blenderproc_cogar_sim,efficient_sam_ti,lightweight_sam,point,ok,zero_shot,0.7576928273501166,0.7463162903604211,0.5826088902315941,0.8175124225513029,0.5873919325716119,outputs/task9_lightweight_sam/evaluation/zero_shot/blenderproc_cogar_sim/efficient_sam_ti/point_metrics.json,cuda,ok,9.024243108617668,110.81261751969578,111.71620769964647,50.0,40.98,False,6.837604275663326,0.006837604275663325,outputs/task9_lightweight_sam/inference_speed/cuda/blenderproc_cogar_sim/efficient_sam_ti/point_speed.json
blenderproc_cogar_sim,efficient_sam_ti,lightweight_sam,box,ok,zero_shot,0.832278868205347,0.839517485487267,0.7698023783432312,0.9167223138450189,0.8176541357229247,outputs/task9_lightweight_sam/evaluation/zero_shot/blenderproc_cogar_sim/efficient_sam_ti/box_metrics.json,cpu,ok,0.19424063335099376,5148.253394504718,5187.915408102708,10.0,40.98,False,0.16166237448485488,0.00016166237448485488,outputs/task9_lightweight_sam/inference_speed/cpu/blenderproc_cogar_sim/efficient_sam_ti/box_speed.json
blenderproc_cogar_sim,efficient_sam_ti,lightweight_sam,box,ok,zero_shot,0.832278868205347,0.839517485487267,0.7698023783432312,0.9167223138450189,0.8176541357229247,outputs/task9_lightweight_sam/evaluation/zero_shot/blenderproc_cogar_sim/efficient_sam_ti/box_metrics.json,cuda,ok,9.005968404294538,111.03747593908338,112.12740130722523,50.0,40.98,False,7.495477190619374,0.007495477190619374,outputs/task9_lightweight_sam/inference_speed/cuda/blenderproc_cogar_sim/efficient_sam_ti/box_speed.json
blenderproc_cogar_sim,efficient_sam_ti,lightweight_sam,automatic,ok,zero_shot,0.12046667292407238,0.036330964919114,0.0036977033763066617,0.015136009184820595,0.0022800110617141696,outputs/task9_lightweight_sam/evaluation/zero_shot/blenderproc_cogar_sim/efficient_sam_ti/automatic_metrics.json,cpu,ok,0.07652363187048085,13067.858588998206,13067.858588998206,1.0,40.98,False,0.009218547331503337,9.218547331503337e-06,outputs/task9_lightweight_sam/inference_speed/cpu/blenderproc_cogar_sim/efficient_sam_ti/automatic_speed.json
blenderproc_cogar_sim,efficient_sam_ti,lightweight_sam,automatic,ok,zero_shot,0.12046667292407238,0.036330964919114,0.0036977033763066617,0.015136009184820595,0.0022800110617141696,outputs/task9_lightweight_sam/evaluation/zero_shot/blenderproc_cogar_sim/efficient_sam_ti/automatic_metrics.json,cuda,ok,2.517289563148243,397.25266995083075,408.5169213998597,20.0,40.98,False,0.30324949845896043,0.0003032494984589605,outputs/task9_lightweight_sam/inference_speed/cuda/blenderproc_cogar_sim/efficient_sam_ti/automatic_speed.json
blenderproc_cogar_sim,efficient_sam_s,lightweight_sam,point,ok,zero_shot,0.795568188817049,0.8126555486981384,0.6399957159546815,0.8423106240793047,0.6455387890590977,outputs/task9_lightweight_sam/evaluation/zero_shot/blenderproc_cogar_sim/efficient_sam_s/point_metrics.json,cpu,ok,0.09473427147425692,10555.84198239958,10639.31180450163,10.0,105.74,False,0.07536757277567721,7.536757277567721e-05,outputs/task9_lightweight_sam/inference_speed/cpu/blenderproc_cogar_sim/efficient_sam_s/point_speed.json
blenderproc_cogar_sim,efficient_sam_s,lightweight_sam,point,ok,zero_shot,0.795568188817049,0.8126555486981384,0.6399957159546815,0.8423106240793047,0.6455387890590977,outputs/task9_lightweight_sam/evaluation/zero_shot/blenderproc_cogar_sim/efficient_sam_s/point_metrics.json,cuda,ok,4.311706374497209,231.9267392405891,234.35710575504345,50.0,105.74,False,3.4302564310696697,0.0034302564310696696,outputs/task9_lightweight_sam/inference_speed/cuda/blenderproc_cogar_sim/efficient_sam_s/point_speed.json
blenderproc_cogar_sim,efficient_sam_s,lightweight_sam,box,ok,zero_shot,0.9098034352251153,0.9135743111055248,0.8403368501799527,0.9590135043587872,0.8855325046534039,outputs/task9_lightweight_sam/evaluation/zero_shot/blenderproc_cogar_sim/efficient_sam_s/box_metrics.json,cpu,ok,0.09425424028078147,10609.602252599143,10722.191153095628,10.0,105.74,False,0.08575283159198842,8.575283159198843e-05,outputs/task9_lightweight_sam/inference_speed/cpu/blenderproc_cogar_sim/efficient_sam_s/box_speed.json
blenderproc_cogar_sim,efficient_sam_s,lightweight_sam,box,ok,zero_shot,0.9098034352251153,0.9135743111055248,0.8403368501799527,0.9590135043587872,0.8855325046534039,outputs/task9_lightweight_sam/evaluation/zero_shot/blenderproc_cogar_sim/efficient_sam_s/box_metrics.json,cuda,ok,4.308840726810274,232.08098497998435,234.0588062441384,50.0,105.74,False,3.9201980950898703,0.00392019809508987,outputs/task9_lightweight_sam/inference_speed/cuda/blenderproc_cogar_sim/efficient_sam_s/box_speed.json
blenderproc_cogar_sim,efficient_sam_s,lightweight_sam,automatic,ok,zero_shot,0.15418450582906873,0.04554456530766869,0.009809636833893695,0.01551831249027538,0.00865945042661608,outputs/task9_lightweight_sam/evaluation/zero_shot/blenderproc_cogar_sim/efficient_sam_s/automatic_metrics.json,cpu,ok,0.05311446185374355,18827.26408400049,18827.26408400049,1.0,105.74,False,0.008189427053296372,8.18942705329637e-06,outputs/task9_lightweight_sam/inference_speed/cpu/blenderproc_cogar_sim/efficient_sam_s/automatic_speed.json
blenderproc_cogar_sim,efficient_sam_s,lightweight_sam,automatic,ok,zero_shot,0.15418450582906873,0.04554456530766869,0.009809636833893695,0.01551831249027538,0.00865945042661608,outputs/task9_lightweight_sam/evaluation/zero_shot/blenderproc_cogar_sim/efficient_sam_s/automatic_metrics.json,cuda,ok,1.9150735632880773,522.1731525984069,534.9287413904676,20.0,105.74,False,0.295274670981886,0.000295274670981886,outputs/task9_lightweight_sam/inference_speed/cuda/blenderproc_cogar_sim/efficient_sam_s/automatic_speed.json
ocid,mobile_sam_vit_t,lightweight_sam,point,ok,zero_shot,0.6738942327595968,0.6263683551662992,0.4545284188311631,0.6593601371067835,0.5458343562783322,outputs/task9_lightweight_sam/evaluation/zero_shot/ocid/mobile_sam_vit_t/point_metrics.json,cpu,ok,0.6252640569059043,1599.3242997981724,1613.170063351572,10.0,40.73,False,0.4213618419007572,0.00042136184190075726,outputs/task9_lightweight_sam/inference_speed/cpu/ocid/mobile_sam_vit_t/point_speed.json
ocid,mobile_sam_vit_t,lightweight_sam,point,ok,zero_shot,0.6738942327595968,0.6263683551662992,0.4545284188311631,0.6593601371067835,0.5458343562783322,outputs/task9_lightweight_sam/evaluation/zero_shot/ocid/mobile_sam_vit_t/point_metrics.json,cuda,ok,15.55672698513192,64.28087353822775,64.84636709938059,50.0,40.73,False,10.483588595895991,0.01048358859589599,outputs/task9_lightweight_sam/inference_speed/cuda/ocid/mobile_sam_vit_t/point_speed.json
ocid,mobile_sam_vit_t,lightweight_sam,box,ok,zero_shot,0.8237698787213382,0.7398495075084086,0.6882844607671027,0.918510149292781,0.8174550341483103,outputs/task9_lightweight_sam/evaluation/zero_shot/ocid/mobile_sam_vit_t/box_metrics.json,cpu,ok,0.6359565400457321,1572.4344936024863,1576.2571538041811,10.0,40.73,False,0.5238818418655146,0.0005238818418655146,outputs/task9_lightweight_sam/inference_speed/cpu/ocid/mobile_sam_vit_t/box_speed.json
ocid,mobile_sam_vit_t,lightweight_sam,box,ok,zero_shot,0.8237698787213382,0.7398495075084086,0.6882844607671027,0.918510149292781,0.8174550341483103,outputs/task9_lightweight_sam/evaluation/zero_shot/ocid/mobile_sam_vit_t/box_metrics.json,cuda,ok,15.521780667908974,64.42559789982624,65.06550239937496,50.0,40.73,False,12.786375378342587,0.012786375378342587,outputs/task9_lightweight_sam/inference_speed/cuda/ocid/mobile_sam_vit_t/box_speed.json
ocid,mobile_sam_vit_t,lightweight_sam,automatic,ok,zero_shot,0.8104633763931351,0.7310294123275562,0.3761732058316651,0.5327220661862131,0.45264224819394433,outputs/task9_lightweight_sam/evaluation/zero_shot/ocid/mobile_sam_vit_t/automatic_metrics.json,cpu,ok,0.006429676226670611,155528.82676299487,155528.82676299487,1.0,40.73,False,0.005211017103782136,5.211017103782136e-06,outputs/task9_lightweight_sam/inference_speed/cpu/ocid/mobile_sam_vit_t/automatic_speed.json
ocid,mobile_sam_vit_t,lightweight_sam,automatic,ok,zero_shot,0.8104633763931351,0.7310294123275562,0.3761732058316651,0.5327220661862131,0.45264224819394433,outputs/task9_lightweight_sam/evaluation/zero_shot/ocid/mobile_sam_vit_t/automatic_metrics.json,cuda,ok,0.2293605599162269,4359.947500848648,4544.91883919909,20.0,40.73,False,0.1858883338011252,0.00018588833380112522,outputs/task9_lightweight_sam/inference_speed/cuda/ocid/mobile_sam_vit_t/automatic_speed.json
ocid,efficient_sam_ti,lightweight_sam,point,ok,zero_shot,0.5383066375012849,0.4950349447450912,0.3154535030120085,0.5030385897068388,0.37149683475265455,outputs/task9_lightweight_sam/evaluation/zero_shot/ocid/efficient_sam_ti/point_metrics.json,cpu,ok,0.19572464381235244,5109.218647799571,5126.553679456265,10.0,40.98,False,0.10535987488676411,0.00010535987488676411,outputs/task9_lightweight_sam/inference_speed/cpu/ocid/efficient_sam_ti/point_speed.json
ocid,efficient_sam_ti,lightweight_sam,point,ok,zero_shot,0.5383066375012849,0.4950349447450912,0.3154535030120085,0.5030385897068388,0.37149683475265455,outputs/task9_lightweight_sam/evaluation/zero_shot/ocid/efficient_sam_ti/point_metrics.json,cuda,ok,8.965794946884884,111.53500675893156,112.46730979619315,50.0,40.98,False,4.826346930383614,0.0048263469303836135,outputs/task9_lightweight_sam/inference_speed/cuda/ocid/efficient_sam_ti/point_speed.json
ocid,efficient_sam_ti,lightweight_sam,box,ok,zero_shot,0.8278674773401372,0.7368875912811185,0.685614562622116,0.9390337766099862,0.8387993319207921,outputs/task9_lightweight_sam/evaluation/zero_shot/ocid/efficient_sam_ti/box_metrics.json,cpu,ok,0.19566756086304302,5110.709182397113,5134.819947292999,10.0,40.98,False,0.16198681000898518,0.00016198681000898518,outputs/task9_lightweight_sam/inference_speed/cpu/ocid/efficient_sam_ti/box_speed.json
ocid,efficient_sam_ti,lightweight_sam,box,ok,zero_shot,0.8278674773401372,0.7368875912811185,0.685614562622116,0.9390337766099862,0.8387993319207921,outputs/task9_lightweight_sam/evaluation/zero_shot/ocid/efficient_sam_ti/box_metrics.json,cuda,ok,8.924645578891973,112.04926752106985,113.0480443018314,50.0,40.98,False,7.388423821552106,0.007388423821552107,outputs/task9_lightweight_sam/inference_speed/cuda/ocid/efficient_sam_ti/box_speed.json
ocid,efficient_sam_ti,lightweight_sam,automatic,ok,zero_shot,0.10272048335745534,0.03350827976169552,0.0008999945410103019,0.0035862471693710253,0.00021936771512211172,outputs/task9_lightweight_sam/evaluation/zero_shot/ocid/efficient_sam_ti/automatic_metrics.json,cpu,ok,0.0759282057745966,13170.336238006712,13170.336238006712,1.0,40.98,False,0.007799381997630894,7.799381997630894e-06,outputs/task9_lightweight_sam/inference_speed/cpu/ocid/efficient_sam_ti/automatic_speed.json
ocid,efficient_sam_ti,lightweight_sam,automatic,ok,zero_shot,0.10272048335745534,0.03350827976169552,0.0008999945410103019,0.0035862471693710253,0.00021936771512211172,outputs/task9_lightweight_sam/evaluation/zero_shot/ocid/efficient_sam_ti/automatic_metrics.json,cuda,ok,2.517622035964994,397.200209449511,411.46833510283614,20.0,40.98,False,0.258611352445705,0.000258611352445705,outputs/task9_lightweight_sam/inference_speed/cuda/ocid/efficient_sam_ti/automatic_speed.json
ocid,efficient_sam_s,lightweight_sam,point,ok,zero_shot,0.6396902716624208,0.5936247679781099,0.38424408484862593,0.6021779085664937,0.4530775296826351,outputs/task9_lightweight_sam/evaluation/zero_shot/ocid/efficient_sam_s/point_metrics.json,cpu,ok,0.09715895952693683,10292.411578602332,10407.607720103988,10.0,105.74,False,0.06215164121422437,6.215164121422436e-05,outputs/task9_lightweight_sam/inference_speed/cpu/ocid/efficient_sam_s/point_speed.json
ocid,efficient_sam_s,lightweight_sam,point,ok,zero_shot,0.6396902716624208,0.5936247679781099,0.38424408484862593,0.6021779085664937,0.4530775296826351,outputs/task9_lightweight_sam/evaluation/zero_shot/ocid/efficient_sam_s/point_metrics.json,cuda,ok,4.293035432711595,232.9354172994499,234.3135546972917,50.0,105.74,False,2.7462130022076785,0.0027462130022076784,outputs/task9_lightweight_sam/inference_speed/cuda/ocid/efficient_sam_s/point_speed.json
ocid,efficient_sam_s,lightweight_sam,box,ok,zero_shot,0.8544621942786068,0.7761996754168248,0.7235365371020155,0.9594536086408882,0.8882131955888947,outputs/task9_lightweight_sam/evaluation/zero_shot/ocid/efficient_sam_s/box_metrics.json,cpu,ok,0.09733021551098817,10274.301713501336,10352.19715835774,10.0,105.74,False,0.08316498951512864,8.316498951512864e-05,outputs/task9_lightweight_sam/inference_speed/cpu/ocid/efficient_sam_s/box_speed.json
ocid,efficient_sam_s,lightweight_sam,box,ok,zero_shot,0.8544621942786068,0.7761996754168248,0.7235365371020155,0.9594536086408882,0.8882131955888947,outputs/task9_lightweight_sam/evaluation/zero_shot/ocid/efficient_sam_s/box_metrics.json,cuda,ok,4.287164368917253,233.25441106251674,236.08625295601087,50.0,105.74,False,3.6632198738980946,0.003663219873898094,outputs/task9_lightweight_sam/inference_speed/cuda/ocid/efficient_sam_s/box_speed.json
ocid,efficient_sam_s,lightweight_sam,automatic,ok,zero_shot,0.14058032043489793,0.03529564593685713,0.002688568562168464,0.008601102062333837,0.0010664384914616755,outputs/task9_lightweight_sam/evaluation/zero_shot/ocid/efficient_sam_s/automatic_metrics.json,cpu,ok,0.054769942378763,18258.189739994123,18258.189739994123,1.0,105.74,False,0.007699576049807398,7.699576049807398e-06,outputs/task9_lightweight_sam/inference_speed/cpu/ocid/efficient_sam_s/automatic_speed.json
ocid,efficient_sam_s,lightweight_sam,automatic,ok,zero_shot,0.14058032043489793,0.03529564593685713,0.002688568562168464,0.008601102062333837,0.0010664384914616755,outputs/task9_lightweight_sam/evaluation/zero_shot/ocid/efficient_sam_s/automatic_metrics.json,cuda,ok,1.9339562169306244,517.0747875497909,523.4870467873407,20.0,105.74,False,0.27187618468317015,0.0002718761846831702,outputs/task9_lightweight_sam/inference_speed/cuda/ocid/efficient_sam_s/automatic_speed.json
isaac_official_unitree_g1,sam_vit_h,heavy_sam,point,ok,zero_shot,0.5738850866510774,0.6569892724541052,0.533635982248893,0.6632744126338047,0.5455311787732522,outputs/task6_evaluation/zero_shot/isaac_official_unitree_g1/sam_vit_h/point_metrics.json,cpu,ok,0.03080780648542937,32459.305418999975,32585.825182600274,3.0,2564.55,False,0.017680140694420258,1.7680140694420256e-05,outputs/task7_inference_speed/cpu/isaac_official_unitree_g1/sam_vit_h/point_speed.json
isaac_official_unitree_g1,sam_vit_h,heavy_sam,point,ok,zero_shot,0.5738850866510774,0.6569892724541052,0.533635982248893,0.6632744126338047,0.5455311787732522,outputs/task6_evaluation/zero_shot/isaac_official_unitree_g1/sam_vit_h/point_metrics.json,cuda,ok,0.5770552804898152,1732.9362260599737,1752.685123299898,50.0,2564.55,False,0.3311634196463594,0.00033116341964635937,outputs/task7_inference_speed/cuda/isaac_official_unitree_g1/sam_vit_h/point_speed.json
isaac_official_unitree_g1,sam_vit_h,heavy_sam,box,ok,zero_shot,0.7520193025677744,0.8744340552417512,0.6778063539430256,0.8518658203628238,0.6967960116031591,outputs/task6_evaluation/zero_shot/isaac_official_unitree_g1/sam_vit_h/box_metrics.json,cpu,ok,0.030973905616088544,32285.24075699958,32307.4199759998,3.0,2564.55,False,0.023292974899210978,2.3292974899210974e-05,outputs/task7_inference_speed/cpu/isaac_official_unitree_g1/sam_vit_h/box_speed.json
isaac_official_unitree_g1,sam_vit_h,heavy_sam,box,ok,zero_shot,0.7520193025677744,0.8744340552417512,0.6778063539430256,0.8518658203628238,0.6967960116031591,outputs/task6_evaluation/zero_shot/isaac_official_unitree_g1/sam_vit_h/box_metrics.json,cuda,ok,0.5744903093845258,1740.6733998199888,1757.8603774002204,50.0,2564.55,False,0.43202780179529604,0.00043202780179529615,outputs/task7_inference_speed/cuda/isaac_official_unitree_g1/sam_vit_h/box_speed.json
isaac_official_unitree_g1,sam_vit_h,heavy_sam,automatic,ok,zero_shot,0.48622915281592644,0.5398744324018623,0.2764753068593684,0.33035307048518747,0.28328134013844886,outputs/task6_evaluation/zero_shot/isaac_official_unitree_g1/sam_vit_h/automatic_metrics.json,cpu,ok,0.005322891570692605,187867.81333399995,187867.81333399995,1.0,2564.55,False,0.0025881450589489013,2.588145058948901e-06,outputs/task7_inference_speed/cpu/isaac_official_unitree_g1/sam_vit_h/automatic_speed.json
isaac_official_unitree_g1,sam_vit_h,heavy_sam,automatic,ok,zero_shot,0.48622915281592644,0.5398744324018623,0.2764753068593684,0.33035307048518747,0.28328134013844886,outputs/task6_evaluation/zero_shot/isaac_official_unitree_g1/sam_vit_h/automatic_metrics.json,cuda,ok,0.11495756491887056,8698.862060150055,9092.996727400123,20.0,2564.55,False,0.055895719400284295,5.589571940028429e-05,outputs/task7_inference_speed/cuda/isaac_official_unitree_g1/sam_vit_h/automatic_speed.json
isaac_official_unitree_g1,sam_vit_b,heavy_sam,point,ok,zero_shot,0.602380797003478,0.6835315690456025,0.546541253183804,0.7026216774834111,0.5653040684208747,outputs/task6_evaluation/zero_shot/isaac_official_unitree_g1/sam_vit_b/point_metrics.json,cpu,ok,0.118580746963361,8433.072194333363,8448.766843999601,3.0,375.04,False,0.07143076486505716,7.143076486505715e-05,outputs/task7_inference_speed/cpu/isaac_official_unitree_g1/sam_vit_b/point_speed.json
isaac_official_unitree_g1,sam_vit_b,heavy_sam,point,ok,zero_shot,0.602380797003478,0.6835315690456025,0.546541253183804,0.7026216774834111,0.5653040684208747,outputs/task6_evaluation/zero_shot/isaac_official_unitree_g1/sam_vit_b/point_metrics.json,cuda,ok,2.7072923580228987,369.3727413799843,372.14415715000086,50.0,375.04,False,1.630820928347259,0.0016308209283472591,outputs/task7_inference_speed/cuda/isaac_official_unitree_g1/sam_vit_b/point_speed.json
isaac_official_unitree_g1,sam_vit_b,heavy_sam,box,ok,zero_shot,0.7420632008595545,0.86246704808171,0.6478484391050595,0.8415484142363654,0.6581961620245849,outputs/task6_evaluation/zero_shot/isaac_official_unitree_g1/sam_vit_b/box_metrics.json,cpu,ok,0.11916100645742007,8392.006997333738,8413.781848000326,3.0,375.04,False,0.08842499786943918,8.842499786943918e-05,outputs/task7_inference_speed/cpu/isaac_official_unitree_g1/sam_vit_b/box_speed.json
isaac_official_unitree_g1,sam_vit_b,heavy_sam,box,ok,zero_shot,0.7420632008595545,0.86246704808171,0.6478484391050595,0.8415484142363654,0.6581961620245849,outputs/task6_evaluation/zero_shot/isaac_official_unitree_g1/sam_vit_b/box_metrics.json,cuda,ok,2.708780345137191,369.16983755999354,371.1034806999123,50.0,375.04,False,2.0100862133379525,0.0020100862133379527,outputs/task7_inference_speed/cuda/isaac_official_unitree_g1/sam_vit_b/box_speed.json
isaac_official_unitree_g1,sam_vit_b,heavy_sam,automatic,ok,zero_shot,0.38878916651290735,0.426293601706924,0.23180374016092023,0.2806991008101907,0.2376327542241688,outputs/task6_evaluation/zero_shot/isaac_official_unitree_g1/sam_vit_b/automatic_metrics.json,cpu,ok,0.009003150144084059,111072.23405100012,111072.23405100012,1.0,375.04,False,0.003500327240509003,3.5003272405090027e-06,outputs/task7_inference_speed/cpu/isaac_official_unitree_g1/sam_vit_b/automatic_speed.json
isaac_official_unitree_g1,sam_vit_b,heavy_sam,automatic,ok,zero_shot,0.38878916651290735,0.426293601706924,0.23180374016092023,0.2806991008101907,0.2376327542241688,outputs/task6_evaluation/zero_shot/isaac_official_unitree_g1/sam_vit_b/automatic_metrics.json,cuda,ok,0.2009399700752188,4976.610674450012,5262.135562200024,20.0,375.04,False,0.07812328348467286,7.812328348467287e-05,outputs/task7_inference_speed/cuda/isaac_official_unitree_g1/sam_vit_b/automatic_speed.json
isaac_official_unitree_g1,sam2_hiera_large,heavy_sam,point,ok,zero_shot,0.5951802368075687,0.6746888059517623,0.5643031303045325,0.7141287331904884,0.5845032765289965,outputs/task6_evaluation/zero_shot/isaac_official_unitree_g1/sam2_hiera_large/point_metrics.json,cpu,ok,0.11006741609167024,9085.340925666364,9119.652480999957,3.0,898.08,False,0.06550995077423749,6.550995077423748e-05,outputs/task7_inference_speed/cpu/isaac_official_unitree_g1/sam2_hiera_large/point_speed.json
isaac_official_unitree_g1,sam2_hiera_large,heavy_sam,point,ok,zero_shot,0.5951802368075687,0.6746888059517623,0.5643031303045325,0.7141287331904884,0.5845032765289965,outputs/task6_evaluation/zero_shot/isaac_official_unitree_g1/sam2_hiera_large/point_metrics.json,cuda,ok,1.6717210376002087,598.1859278600223,604.4923181497552,50.0,898.08,False,0.9949753230350867,0.0009949753230350867,outputs/task7_inference_speed/cuda/isaac_official_unitree_g1/sam2_hiera_large/point_speed.json
isaac_official_unitree_g1,sam2_hiera_large,heavy_sam,box,ok,zero_shot,0.7136975551514932,0.8231087158810155,0.6295658291065114,0.8337564136917861,0.6447486274555452,outputs/task6_evaluation/zero_shot/isaac_official_unitree_g1/sam2_hiera_large/box_metrics.json,cpu,ok,0.11084238335899879,9021.819719999863,9046.956634499475,3.0,898.08,False,0.07910793801048199,7.9107938010482e-05,outputs/task7_inference_speed/cpu/isaac_official_unitree_g1/sam2_hiera_large/box_speed.json
isaac_official_unitree_g1,sam2_hiera_large,heavy_sam,box,ok,zero_shot,0.7136975551514932,0.8231087158810155,0.6295658291065114,0.8337564136917861,0.6447486274555452,outputs/task6_evaluation/zero_shot/isaac_official_unitree_g1/sam2_hiera_large/box_metrics.json,cuda,ok,1.6786698893950633,595.7097379999868,598.8887415999898,50.0,898.08,False,1.1980625959676843,0.0011980625959676842,outputs/task7_inference_speed/cuda/isaac_official_unitree_g1/sam2_hiera_large/box_speed.json
isaac_official_unitree_g1,sam2_hiera_large,heavy_sam,automatic,ok,zero_shot,0.38112333984406294,0.4204189834068216,0.2396245809317467,0.276211647437008,0.24733558045194587,outputs/task6_evaluation/zero_shot/isaac_official_unitree_g1/sam2_hiera_large/automatic_metrics.json,cpu,ok,0.009693939220978219,103157.23847700065,103157.23847700065,1.0,898.08,False,0.003694586492144572,3.6945864921445723e-06,outputs/task7_inference_speed/cpu/isaac_official_unitree_g1/sam2_hiera_large/automatic_speed.json
isaac_official_unitree_g1,sam2_hiera_large,heavy_sam,automatic,ok,zero_shot,0.38112333984406294,0.4204189834068216,0.2396245809317467,0.276211647437008,0.24733558045194587,outputs/task6_evaluation/zero_shot/isaac_official_unitree_g1/sam2_hiera_large/automatic_metrics.json,cuda,ok,0.1849105091981392,5408.021449600028,5518.934959099988,20.0,898.08,False,0.07047371083786114,7.047371083786112e-05,outputs/task7_inference_speed/cuda/isaac_official_unitree_g1/sam2_hiera_large/automatic_speed.json
isaac_official_unitree_g1,fastsam_x,heavy_sam,point,ok,zero_shot,0.38288829714869455,0.445553878945566,0.20728682776590868,0.3088710653346868,0.20819569615164638,outputs/task6_evaluation/zero_shot/isaac_official_unitree_g1/fastsam_x/point_metrics.json,cpu,ok,0.2820696644131638,3545.223489666872,3577.5495777998003,3.0,144.94,False,0.10800117348446,0.00010800117348446,outputs/task7_inference_speed/cpu/isaac_official_unitree_g1/fastsam_x/point_speed.json
isaac_official_unitree_g1,fastsam_x,heavy_sam,point,ok,zero_shot,0.38288829714869455,0.445553878945566,0.20728682776590868,0.3088710653346868,0.20819569615164638,outputs/task6_evaluation/zero_shot/isaac_official_unitree_g1/fastsam_x/point_metrics.json,cuda,ok,2.5136071406606946,397.8346432200033,419.8363895999137,50.0,144.94,False,0.9624307577883725,0.0009624307577883724,outputs/task7_inference_speed/cuda/isaac_official_unitree_g1/fastsam_x/point_speed.json
isaac_official_unitree_g1,fastsam_x,heavy_sam,box,ok,zero_shot,0.4839182573045611,0.5715445843335835,0.3403384715476681,0.46047744157137294,0.3709688448139046,outputs/task6_evaluation/zero_shot/isaac_official_unitree_g1/fastsam_x/box_metrics.json,cpu,ok,0.2859617151504817,3496.9716119997734,3521.9280379992597,3.0,144.94,False,0.1383820948514444,0.00013838209485144442,outputs/task7_inference_speed/cpu/isaac_official_unitree_g1/fastsam_x/box_speed.json
isaac_official_unitree_g1,fastsam_x,heavy_sam,box,ok,zero_shot,0.4839182573045611,0.5715445843335835,0.3403384715476681,0.46047744157137294,0.3709688448139046,outputs/task6_evaluation/zero_shot/isaac_official_unitree_g1/fastsam_x/box_metrics.json,cuda,ok,2.928947995205723,341.41951364000306,346.88466259999586,50.0,144.94,False,1.4173714095756416,0.0014173714095756416,outputs/task7_inference_speed/cuda/isaac_official_unitree_g1/fastsam_x/box_speed.json
isaac_official_unitree_g1,fastsam_x,heavy_sam,automatic,ok,zero_shot,0.523164727480969,0.5998681645305536,0.2563159336355923,0.38777976190653857,0.27420589173522836,outputs/task6_evaluation/zero_shot/isaac_official_unitree_g1/fastsam_x/automatic_metrics.json,cpu,ok,0.275410694541467,3630.9410630001366,3630.9410630001366,1.0,144.94,False,0.14408516095513096,0.00014408516095513096,outputs/task7_inference_speed/cpu/isaac_official_unitree_g1/fastsam_x/automatic_speed.json
isaac_official_unitree_g1,fastsam_x,heavy_sam,automatic,ok,zero_shot,0.523164727480969,0.5998681645305536,0.2563159336355923,0.38777976190653857,0.27420589173522836,outputs/task6_evaluation/zero_shot/isaac_official_unitree_g1/fastsam_x/automatic_metrics.json,cuda,ok,2.0994548289277666,476.3141298499477,522.8508886997361,20.0,144.94,False,1.0983607134345994,0.0010983607134345994,outputs/task7_inference_speed/cuda/isaac_official_unitree_g1/fastsam_x/automatic_speed.json
blenderproc_cogar_sim,sam_vit_h,heavy_sam,point,ok,zero_shot,0.8041563802744292,0.7934316161517831,0.6488879555992233,0.8356090555383239,0.6433865170342044,outputs/task6_evaluation/zero_shot/blenderproc_cogar_sim/sam_vit_h/point_metrics.json,cpu,ok,0.023509040212789,42536.82800100008,42611.53679319959,3.0,2564.55,False,0.0189049446812424,1.8904944681242395e-05,outputs/task7_inference_speed/cpu/blenderproc_cogar_sim/sam_vit_h/point_speed.json
blenderproc_cogar_sim,sam_vit_h,heavy_sam,point,ok,zero_shot,0.8041563802744292,0.7934316161517831,0.6488879555992233,0.8356090555383239,0.6433865170342044,outputs/task6_evaluation/zero_shot/blenderproc_cogar_sim/sam_vit_h/point_metrics.json,cuda,ok,0.5720912967303162,1747.9727548999927,1762.8821261997928,50.0,2564.55,False,0.46005086636515546,0.00046005086636515544,outputs/task7_inference_speed/cuda/blenderproc_cogar_sim/sam_vit_h/point_speed.json
blenderproc_cogar_sim,sam_vit_h,heavy_sam,box,ok,zero_shot,0.9226009719268821,0.9053142995607248,0.8679466984608216,0.966874439172164,0.9055139576310633,outputs/task6_evaluation/zero_shot/blenderproc_cogar_sim/sam_vit_h/box_metrics.json,cpu,ok,0.023477455210965305,42594.05421133306,42600.761716899615,3.0,2564.55,False,0.021660322996006433,2.1660322996006432e-05,outputs/task7_inference_speed/cpu/blenderproc_cogar_sim/sam_vit_h/box_speed.json
blenderproc_cogar_sim,sam_vit_h,heavy_sam,box,ok,zero_shot,0.9226009719268821,0.9053142995607248,0.8679466984608216,0.966874439172164,0.9055139576310633,outputs/task6_evaluation/zero_shot/blenderproc_cogar_sim/sam_vit_h/box_metrics.json,cuda,ok,0.5743012702524362,1741.2463663199742,1748.2123701501223,50.0,2564.55,False,0.5298509101137405,0.0005298509101137406,outputs/task7_inference_speed/cuda/blenderproc_cogar_sim/sam_vit_h/box_speed.json
blenderproc_cogar_sim,sam_vit_h,heavy_sam,automatic,ok,zero_shot,0.8780589809430633,0.8545704717526055,0.5811973987705658,0.6793105314210933,0.5871680399731383,outputs/task6_evaluation/zero_shot/blenderproc_cogar_sim/sam_vit_h/automatic_metrics.json,cpu,ok,0.0047851231199697005,208981.03871700005,208981.03871700005,1.0,2564.55,False,0.004201620330407687,4.201620330407687e-06,outputs/task7_inference_speed/cpu/blenderproc_cogar_sim/sam_vit_h/automatic_speed.json
blenderproc_cogar_sim,sam_vit_h,heavy_sam,automatic,ok,zero_shot,0.8780589809430633,0.8545704717526055,0.5811973987705658,0.6793105314210933,0.5871680399731383,outputs/task6_evaluation/zero_shot/blenderproc_cogar_sim/sam_vit_h/automatic_metrics.json,cuda,ok,0.11486303116039132,8706.021336000003,9357.182550550124,20.0,2564.55,False,0.10085651608872453,0.00010085651608872453,outputs/task7_inference_speed/cuda/blenderproc_cogar_sim/sam_vit_h/automatic_speed.json
blenderproc_cogar_sim,sam_vit_b,heavy_sam,point,ok,zero_shot,0.7882136480852923,0.7683178722276102,0.6345668023258466,0.8341329744363202,0.6337114838393647,outputs/task6_evaluation/zero_shot/blenderproc_cogar_sim/sam_vit_b/point_metrics.json,cpu,ok,0.08950513993490415,11172.542724666831,11186.037483300515,3.0,375.04,False,0.07054917287047538,7.054917287047537e-05,outputs/task7_inference_speed/cpu/blenderproc_cogar_sim/sam_vit_b/point_speed.json
blenderproc_cogar_sim,sam_vit_b,heavy_sam,point,ok,zero_shot,0.7882136480852923,0.7683178722276102,0.6345668023258466,0.8341329744363202,0.6337114838393647,outputs/task6_evaluation/zero_shot/blenderproc_cogar_sim/sam_vit_b/point_metrics.json,cuda,ok,2.6512091285116153,377.1863898799256,379.7594102999483,50.0,375.04,False,2.089719219021169,0.0020897192190211687,outputs/task7_inference_speed/cuda/blenderproc_cogar_sim/sam_vit_b/point_speed.json
blenderproc_cogar_sim,sam_vit_b,heavy_sam,box,ok,zero_shot,0.9043447232020829,0.8746835287336302,0.8165000009842953,0.9509921816532116,0.8510267979716495,outputs/task6_evaluation/zero_shot/blenderproc_cogar_sim/sam_vit_b/box_metrics.json,cpu,ok,0.08970948637909806,11147.093137666161,11174.560798699258,3.0,375.04,False,0.08112830062810647,8.112830062810647e-05,outputs/task7_inference_speed/cpu/blenderproc_cogar_sim/sam_vit_b/box_speed.json
blenderproc_cogar_sim,sam_vit_b,heavy_sam,box,ok,zero_shot,0.9043447232020829,0.8746835287336302,0.8165000009842953,0.9509921816532116,0.8510267979716495,outputs/task6_evaluation/zero_shot/blenderproc_cogar_sim/sam_vit_b/box_metrics.json,cuda,ok,2.650693323769749,377.2597874799885,379.2262319001111,50.0,375.04,False,2.397140520178163,0.002397140520178163,outputs/task7_inference_speed/cuda/blenderproc_cogar_sim/sam_vit_b/box_speed.json
blenderproc_cogar_sim,sam_vit_b,heavy_sam,automatic,ok,zero_shot,0.8150274378259081,0.793094070548309,0.49843887353029354,0.591415569627724,0.5014765178963158,outputs/task6_evaluation/zero_shot/blenderproc_cogar_sim/sam_vit_b/automatic_metrics.json,cpu,ok,0.007320103185399566,136610.09615200054,136610.09615200054,1.0,375.04,False,0.005966084943817477,5.966084943817476e-06,outputs/task7_inference_speed/cpu/blenderproc_cogar_sim/sam_vit_b/automatic_speed.json
blenderproc_cogar_sim,sam_vit_b,heavy_sam,automatic,ok,zero_shot,0.8150274378259081,0.793094070548309,0.49843887353029354,0.591415569627724,0.5014765178963158,outputs/task6_evaluation/zero_shot/blenderproc_cogar_sim/sam_vit_b/automatic_metrics.json,cuda,ok,0.19417990097704818,5149.863579950011,6006.548208750223,20.0,375.04,False,0.15826194717061215,0.00015826194717061216,outputs/task7_inference_speed/cuda/blenderproc_cogar_sim/sam_vit_b/automatic_speed.json
blenderproc_cogar_sim,sam2_hiera_large,heavy_sam,point,ok,zero_shot,0.827318364394468,0.822151141728766,0.7510721480435437,0.8899820149974988,0.7776358345412229,outputs/task6_evaluation/zero_shot/blenderproc_cogar_sim/sam2_hiera_large/point_metrics.json,cpu,ok,0.08783757305048537,11384.649703666582,11444.670573099575,3.0,898.08,False,0.07266963726850716,7.266963726850716e-05,outputs/task7_inference_speed/cpu/blenderproc_cogar_sim/sam2_hiera_large/point_speed.json
blenderproc_cogar_sim,sam2_hiera_large,heavy_sam,point,ok,zero_shot,0.827318364394468,0.822151141728766,0.7510721480435437,0.8899820149974988,0.7776358345412229,outputs/task6_evaluation/zero_shot/blenderproc_cogar_sim/sam2_hiera_large/point_metrics.json,cuda,ok,1.688612675714026,592.2021162000055,597.0815300000595,50.0,898.08,False,1.3970202769674944,0.0013970202769674944,outputs/task7_inference_speed/cuda/blenderproc_cogar_sim/sam2_hiera_large/point_speed.json
blenderproc_cogar_sim,sam2_hiera_large,heavy_sam,box,ok,zero_shot,0.9190885368051233,0.8898332758362066,0.864104893122799,0.9731603229469638,0.916796863674941,outputs/task6_evaluation/zero_shot/blenderproc_cogar_sim/sam2_hiera_large/box_metrics.json,cpu,ok,0.08730706427120834,11453.826885000126,11524.084627700176,3.0,898.08,False,0.08024292195377572,8.024292195377573e-05,outputs/task7_inference_speed/cpu/blenderproc_cogar_sim/sam2_hiera_large/box_speed.json
blenderproc_cogar_sim,sam2_hiera_large,heavy_sam,box,ok,zero_shot,0.9190885368051233,0.8898332758362066,0.864104893122799,0.9731603229469638,0.916796863674941,outputs/task6_evaluation/zero_shot/blenderproc_cogar_sim/sam2_hiera_large/box_metrics.json,cuda,ok,1.6880860570587597,592.3868607399982,596.0145229998943,50.0,898.08,False,1.5515005441832652,0.0015515005441832652,outputs/task7_inference_speed/cuda/blenderproc_cogar_sim/sam2_hiera_large/box_speed.json
blenderproc_cogar_sim,sam2_hiera_large,heavy_sam,automatic,ok,zero_shot,0.8018799442904379,0.79348218977422,0.5754954930922115,0.6535906852307507,0.588502531527928,outputs/task6_evaluation/zero_shot/blenderproc_cogar_sim/sam2_hiera_large/automatic_metrics.json,cpu,ok,0.007508885678688806,133175.55264400016,133175.55264400016,1.0,898.08,False,0.006021224829710247,6.021224829710247e-06,outputs/task7_inference_speed/cpu/blenderproc_cogar_sim/sam2_hiera_large/automatic_speed.json
blenderproc_cogar_sim,sam2_hiera_large,heavy_sam,automatic,ok,zero_shot,0.8018799442904379,0.79348218977422,0.5754954930922115,0.6535906852307507,0.588502531527928,outputs/task6_evaluation/zero_shot/blenderproc_cogar_sim/sam2_hiera_large/automatic_metrics.json,cuda,ok,0.17630769665829563,5671.902128799934,6484.678331999726,20.0,898.08,False,0.14137760597432952,0.0001413776059743295,outputs/task7_inference_speed/cuda/blenderproc_cogar_sim/sam2_hiera_large/automatic_speed.json
blenderproc_cogar_sim,fastsam_x,heavy_sam,point,ok,zero_shot,0.32534516800914215,0.32512191842284094,0.08288624400864802,0.12371092308070558,0.08322212584953197,outputs/task6_evaluation/zero_shot/blenderproc_cogar_sim/fastsam_x/point_metrics.json,cpu,ok,0.25143748770839375,3977.1316883334293,3984.634985100365,3.0,144.94,False,0.08180397168228398,8.180397168228398e-05,outputs/task7_inference_speed/cpu/blenderproc_cogar_sim/fastsam_x/point_speed.json
blenderproc_cogar_sim,fastsam_x,heavy_sam,point,ok,zero_shot,0.32534516800914215,0.32512191842284094,0.08288624400864802,0.12371092308070558,0.08322212584953197,outputs/task6_evaluation/zero_shot/blenderproc_cogar_sim/fastsam_x/point_metrics.json,cuda,ok,3.191068006632049,313.37470650004434,320.2090836001162,50.0,144.94,False,1.0381985567463023,0.0010381985567463024,outputs/task7_inference_speed/cuda/blenderproc_cogar_sim/fastsam_x/point_speed.json
blenderproc_cogar_sim,fastsam_x,heavy_sam,box,ok,zero_shot,0.7481621436264929,0.7734238949714399,0.5319313001881917,0.6803482949320553,0.5537881870934604,outputs/task6_evaluation/zero_shot/blenderproc_cogar_sim/fastsam_x/box_metrics.json,cpu,ok,0.2525694707426634,3959.306708999975,3967.4856163002914,3.0,144.94,False,0.18896291664543982,0.00018896291664543982,outputs/task7_inference_speed/cpu/blenderproc_cogar_sim/fastsam_x/box_speed.json
blenderproc_cogar_sim,fastsam_x,heavy_sam,box,ok,zero_shot,0.7481621436264929,0.7734238949714399,0.5319313001881917,0.6803482949320553,0.5537881870934604,outputs/task6_evaluation/zero_shot/blenderproc_cogar_sim/fastsam_x/box_metrics.json,cuda,ok,3.256627009318941,307.0661752600063,309.15711109992117,50.0,144.94,False,2.4364850442839936,0.0024364850442839935,outputs/task7_inference_speed/cuda/blenderproc_cogar_sim/fastsam_x/box_speed.json
blenderproc_cogar_sim,fastsam_x,heavy_sam,automatic,ok,zero_shot,0.7988317178132487,0.8098347464377988,0.36056264847048786,0.47907528778360176,0.38469113741623284,outputs/task6_evaluation/zero_shot/blenderproc_cogar_sim/fastsam_x/automatic_metrics.json,cpu,ok,0.2519752437628711,3968.6438440003258,3968.6438440003258,1.0,144.94,False,0.2012858168215064,0.00020128581682150642,outputs/task7_inference_speed/cpu/blenderproc_cogar_sim/fastsam_x/automatic_speed.json
blenderproc_cogar_sim,fastsam_x,heavy_sam,automatic,ok,zero_shot,0.7988317178132487,0.8098347464377988,0.36056264847048786,0.47907528778360176,0.38469113741623284,outputs/task6_evaluation/zero_shot/blenderproc_cogar_sim/fastsam_x/automatic_metrics.json,cuda,ok,3.137529292800893,318.72212390001096,324.38021390007634,20.0,144.94,False,2.5063579146575248,0.002506357914657525,outputs/task7_inference_speed/cuda/blenderproc_cogar_sim/fastsam_x/automatic_speed.json
ocid,sam_vit_h,heavy_sam,point,ok,zero_shot,0.6646683849177094,0.6318061573507465,0.4618769361482581,0.6412291263155173,0.5674289579232772,outputs/task6_evaluation/zero_shot/ocid/sam_vit_h/point_metrics.json,cpu,ok,0.02496874900014348,40050.06418200022,40064.08679050037,3.0,2564.55,False,0.01659593807134104,1.6595938071341034e-05,outputs/task7_inference_speed/cpu/ocid/sam_vit_h/point_speed.json
ocid,sam_vit_h,heavy_sam,point,ok,zero_shot,0.6646683849177094,0.6318061573507465,0.4618769361482581,0.6412291263155173,0.5674289579232772,outputs/task6_evaluation/zero_shot/ocid/sam_vit_h/point_metrics.json,cuda,ok,0.573574844327509,1743.4516347599856,1753.671165050082,50.0,2564.55,False,0.38123706540859204,0.0003812370654085921,outputs/task7_inference_speed/cuda/ocid/sam_vit_h/point_speed.json
ocid,sam_vit_h,heavy_sam,box,ok,zero_shot,0.8452409639470332,0.7754535484397148,0.7329317485857256,0.9593915686710908,0.8674249104305994,outputs/task6_evaluation/zero_shot/ocid/sam_vit_h/box_metrics.json,cpu,ok,0.02504423805193561,39929.34414400012,39952.76748879987,3.0,2564.55,False,0.02116841591233702,2.1168415912337022e-05,outputs/task7_inference_speed/cpu/ocid/sam_vit_h/box_speed.json
ocid,sam_vit_h,heavy_sam,box,ok,zero_shot,0.8452409639470332,0.7754535484397148,0.7329317485857256,0.9593915686710908,0.8674249104305994,outputs/task6_evaluation/zero_shot/ocid/sam_vit_h/box_metrics.json,cuda,ok,0.5717442445140065,1749.0337849400112,1755.0981315999252,50.0,2564.55,False,0.4832616563641871,0.0004832616563641871,outputs/task7_inference_speed/cuda/ocid/sam_vit_h/box_speed.json
ocid,sam_vit_h,heavy_sam,automatic,ok,zero_shot,0.8382905606713064,0.7762349661080024,0.3961026495928901,0.5348531452549238,0.4808314326635168,outputs/task6_evaluation/zero_shot/ocid/sam_vit_h/automatic_metrics.json,cpu,ok,0.005854234108228305,170816.53748600002,170816.53748600002,1.0,2564.55,False,0.004907549192887791,4.90754919288779e-06,outputs/task7_inference_speed/cpu/ocid/sam_vit_h/automatic_speed.json
ocid,sam_vit_h,heavy_sam,automatic,ok,zero_shot,0.8382905606713064,0.7762349661080024,0.3961026495928901,0.5348531452549238,0.4808314326635168,outputs/task6_evaluation/zero_shot/ocid/sam_vit_h/automatic_metrics.json,cuda,ok,0.12488763557043445,8007.197793700061,8133.5898936502645,20.0,2564.55,False,0.10469212604325327,0.00010469212604325327,outputs/task7_inference_speed/cuda/ocid/sam_vit_h/automatic_speed.json
ocid,sam_vit_b,heavy_sam,point,ok,zero_shot,0.6160080035250245,0.5710157578748937,0.3927799430641681,0.5917572418463385,0.47237652275732167,outputs/task6_evaluation/zero_shot/ocid/sam_vit_b/point_metrics.json,cpu,ok,0.11969366092294265,8354.661327000334,8384.268975000032,3.0,375.04,False,0.07373225309974314,7.373225309974313e-05,outputs/task7_inference_speed/cpu/ocid/sam_vit_b/point_speed.json
ocid,sam_vit_b,heavy_sam,point,ok,zero_shot,0.6160080035250245,0.5710157578748937,0.3927799430641681,0.5917572418463385,0.47237652275732167,outputs/task6_evaluation/zero_shot/ocid/sam_vit_b/point_metrics.json,cuda,ok,2.6320703034991464,379.9290614200436,381.7544136496508,50.0,375.04,False,1.6213763727960144,0.0016213763727960147,outputs/task7_inference_speed/cuda/ocid/sam_vit_b/point_speed.json
ocid,sam_vit_b,heavy_sam,box,ok,zero_shot,0.8339219829882085,0.7514250642879597,0.7141484734574121,0.9489438937931162,0.8592984468723077,outputs/task6_evaluation/zero_shot/ocid/sam_vit_b/box_metrics.json,cpu,ok,0.11963511115473761,8358.750122333126,8365.593455199814,3.0,375.04,False,0.09976634912917354,9.976634912917352e-05,outputs/task7_inference_speed/cpu/ocid/sam_vit_b/box_speed.json
ocid,sam_vit_b,heavy_sam,box,ok,zero_shot,0.8339219829882085,0.7514250642879597,0.7141484734574121,0.9489438937931162,0.8592984468723077,outputs/task6_evaluation/zero_shot/ocid/sam_vit_b/box_metrics.json,cuda,ok,2.6314733837361146,380.0152440000056,382.01093754951216,50.0,375.04,False,2.1944435023459117,0.0021944435023459117,outputs/task7_inference_speed/cuda/ocid/sam_vit_b/box_speed.json
ocid,sam_vit_b,heavy_sam,automatic,ok,zero_shot,0.7305978965807334,0.6764823544850559,0.24102160492036337,0.33437821603507617,0.29975448845638397,outputs/task6_evaluation/zero_shot/ocid/sam_vit_b/automatic_metrics.json,cpu,ok,0.009429615212961165,106048.86598399935,106048.86598399935,1.0,375.04,False,0.006889257040155111,6.889257040155111e-06,outputs/task7_inference_speed/cpu/ocid/sam_vit_b/automatic_speed.json
ocid,sam_vit_b,heavy_sam,automatic,ok,zero_shot,0.7305978965807334,0.6764823544850559,0.24102160492036337,0.33437821603507617,0.29975448845638397,outputs/task6_evaluation/zero_shot/ocid/sam_vit_b/automatic_metrics.json,cuda,ok,0.20948143290487778,4773.692761850089,4924.595449100661,20.0,375.04,False,0.15304669425302173,0.00015304669425302174,outputs/task7_inference_speed/cuda/ocid/sam_vit_b/automatic_speed.json
ocid,sam2_hiera_large,heavy_sam,point,ok,zero_shot,0.7585420059070903,0.737490971945824,0.612397057775292,0.7895222393615046,0.7301382470461102,outputs/task6_evaluation/zero_shot/ocid/sam2_hiera_large/point_metrics.json,cpu,ok,0.08693353198769219,11503.041198666324,11509.314714499487,3.0,898.08,False,0.06594273573453223,6.594273573453223e-05,outputs/task7_inference_speed/cpu/ocid/sam2_hiera_large/point_speed.json
ocid,sam2_hiera_large,heavy_sam,point,ok,zero_shot,0.7585420059070903,0.737490971945824,0.612397057775292,0.7895222393615046,0.7301382470461102,outputs/task6_evaluation/zero_shot/ocid/sam2_hiera_large/point_metrics.json,cuda,ok,1.6719531779123933,598.1028734600113,602.6429888001076,50.0,898.08,False,1.2682467173564012,0.001268246717356401,outputs/task7_inference_speed/cuda/ocid/sam2_hiera_large/point_speed.json
ocid,sam2_hiera_large,heavy_sam,box,ok,zero_shot,0.8659770273605177,0.7872642061143948,0.7756979963789858,0.9694568004367208,0.9049055174932888,outputs/task6_evaluation/zero_shot/ocid/sam2_hiera_large/box_metrics.json,cpu,ok,0.0869315915754116,11503.297959666574,11524.684434399569,3.0,898.08,False,0.07528076125619355,7.528076125619355e-05,outputs/task7_inference_speed/cpu/ocid/sam2_hiera_large/box_speed.json
ocid,sam2_hiera_large,heavy_sam,box,ok,zero_shot,0.8659770273605177,0.7872642061143948,0.7756979963789858,0.9694568004367208,0.9049055174932888,outputs/task6_evaluation/zero_shot/ocid/sam2_hiera_large/box_metrics.json,cuda,ok,1.6710134231971017,598.4392381999714,601.3540692000333,50.0,898.08,False,1.447059236899749,0.0014470592368997488,outputs/task7_inference_speed/cuda/ocid/sam2_hiera_large/box_speed.json
ocid,sam2_hiera_large,heavy_sam,automatic,ok,zero_shot,0.7938377895836044,0.7483256512304591,0.45985307308277434,0.5874032756466505,0.55882790539536,outputs/task6_evaluation/zero_shot/ocid/sam2_hiera_large/automatic_metrics.json,cpu,ok,0.009452152395963618,105796.00900500009,105796.00900500009,1.0,898.08,False,0.007503475764819129,7.503475764819128e-06,outputs/task7_inference_speed/cpu/ocid/sam2_hiera_large/automatic_speed.json
ocid,sam2_hiera_large,heavy_sam,automatic,ok,zero_shot,0.7938377895836044,0.7483256512304591,0.45985307308277434,0.5874032756466505,0.55882790539536,outputs/task6_evaluation/zero_shot/ocid/sam2_hiera_large/automatic_metrics.json,cuda,ok,0.1983111328249968,5042.581249749946,5102.516562649998,20.0,898.08,False,0.15742687133161604,0.00015742687133161602,outputs/task7_inference_speed/cuda/ocid/sam2_hiera_large/automatic_speed.json
ocid,fastsam_x,heavy_sam,point,ok,zero_shot,0.4848588969528927,0.4591698757723701,0.20296410767763065,0.30591702581846897,0.23260385149886995,outputs/task6_evaluation/zero_shot/ocid/fastsam_x/point_metrics.json,cpu,ok,0.2552186316537025,3918.2092369998522,3926.2121334995754,3.0,144.94,False,0.12374502422544083,0.00012374502422544083,outputs/task7_inference_speed/cpu/ocid/fastsam_x/point_speed.json
ocid,fastsam_x,heavy_sam,point,ok,zero_shot,0.4848588969528927,0.4591698757723701,0.20296410767763065,0.30591702581846897,0.23260385149886995,outputs/task6_evaluation/zero_shot/ocid/fastsam_x/point_metrics.json,cuda,ok,2.9787064735925934,335.7161938799254,361.6841025006124,50.0,144.94,False,1.4442523351325456,0.0014442523351325457,outputs/task7_inference_speed/cuda/ocid/fastsam_x/point_speed.json
ocid,fastsam_x,heavy_sam,box,ok,zero_shot,0.7643104971739735,0.7373700285300642,0.5378681346795664,0.7520132504968448,0.6375061510444352,outputs/task6_evaluation/zero_shot/ocid/fastsam_x/box_metrics.json,cpu,ok,0.25664449232873277,3896.4405233333914,3907.6960962993326,3.0,144.94,False,0.19615607952873576,0.00019615607952873574,outputs/task7_inference_speed/cpu/ocid/fastsam_x/box_speed.json
ocid,fastsam_x,heavy_sam,box,ok,zero_shot,0.7643104971739735,0.7373700285300642,0.5378681346795664,0.7520132504968448,0.6375061510444352,outputs/task6_evaluation/zero_shot/ocid/fastsam_x/box_metrics.json,cuda,ok,3.19929180271969,312.56917519993294,317.28072579999207,50.0,144.94,False,2.445252308341304,0.002445252308341304,outputs/task7_inference_speed/cuda/ocid/fastsam_x/box_speed.json
ocid,fastsam_x,heavy_sam,automatic,ok,zero_shot,0.7982308704892809,0.7489893482313883,0.15604622409888733,0.2184885382183562,0.18361158130776145,outputs/task6_evaluation/zero_shot/ocid/fastsam_x/automatic_metrics.json,cpu,ok,0.2549974120605216,3921.608427001047,3921.608427001047,1.0,144.94,False,0.20354680620158402,0.000203546806201584,outputs/task7_inference_speed/cpu/ocid/fastsam_x/automatic_speed.json
ocid,fastsam_x,heavy_sam,automatic,ok,zero_shot,0.7982308704892809,0.7489893482313883,0.15604622409888733,0.2184885382183562,0.18361158130776145,outputs/task6_evaluation/zero_shot/ocid/fastsam_x/automatic_metrics.json,cuda,ok,2.97975093846257,335.5985183499797,356.56566335010217,20.0,144.94,False,2.378529185450229,0.002378529185450229,outputs/task7_inference_speed/cuda/ocid/fastsam_x/automatic_speed.json
isaac_official_unitree_g1,yolo8_seg,baseline,inference,ok,instance_segmentation,0.5395833657336907,0.6041984705850798,0.3313627295095101,0.48968900763879897,0.35104801278886016,outputs/task6_evaluation/baselines/yolo8_seg/isaac_official_unitree_g1_metrics.json,cpu,ok,0.4872775934595222,2052.218311333187,2089.556389000063,3.0,,False,0.262926883925502,0.00026292688392550204,outputs/task7_inference_speed/cpu/isaac_official_unitree_g1/yolo8_seg/inference_speed.json
isaac_official_unitree_g1,yolo8_seg,baseline,inference,ok,instance_segmentation,0.5395833657336907,0.6041984705850798,0.3313627295095101,0.48968900763879897,0.35104801278886016,outputs/task6_evaluation/baselines/yolo8_seg/isaac_official_unitree_g1_metrics.json,cuda,ok,19.967462803712507,50.08147554000061,52.7045369001371,50.0,,False,10.774110784789471,0.010774110784789471,outputs/task7_inference_speed/cuda/isaac_official_unitree_g1/yolo8_seg/inference_speed.json
blenderproc_cogar_sim,yolo8_seg,baseline,inference,ok,instance_segmentation,0.8611940808512567,0.8143763235304756,0.6426217107948822,0.8134320382094417,0.6905199651940719,outputs/task6_evaluation/baselines/yolo8_seg/blenderproc_cogar_sim_metrics.json,cpu,ok,1.30635894409809,765.4863959999906,815.5880051999702,3.0,,False,1.1250285901243728,0.0011250285901243727,outputs/task7_inference_speed/cpu/blenderproc_cogar_sim/yolo8_seg/inference_speed.json
blenderproc_cogar_sim,yolo8_seg,baseline,inference,ok,instance_segmentation,0.8611940808512567,0.8143763235304756,0.6426217107948822,0.8134320382094417,0.6905199651940719,outputs/task6_evaluation/baselines/yolo8_seg/blenderproc_cogar_sim_metrics.json,cuda,ok,41.647394334909905,24.011106000016298,26.57392969981629,50.0,,True,35.86648948410257,0.03586648948410257,outputs/task7_inference_speed/cuda/blenderproc_cogar_sim/yolo8_seg/inference_speed.json
ocid,yolo8_seg,baseline,inference,ok,instance_segmentation,0.8475484078632534,0.7841866739947979,0.6605893027397538,0.935115879777684,0.7557109286915273,outputs/task6_evaluation/baselines/yolo8_seg/ocid_metrics.json,cpu,ok,1.4280548270173272,700.2532263334919,717.8641286003767,3.0,,False,1.2103455949799693,0.0012103455949799694,outputs/task7_inference_speed/cpu/ocid/yolo8_seg/inference_speed.json
ocid,yolo8_seg,baseline,inference,ok,instance_segmentation,0.8475484078632534,0.7841866739947979,0.6605893027397538,0.935115879777684,0.7557109286915273,outputs/task6_evaluation/baselines/yolo8_seg/ocid_metrics.json,cuda,ok,37.51723006944581,26.654419799888274,27.84922519954307,50.0,,True,31.79766861279817,0.03179766861279817,outputs/task7_inference_speed/cuda/ocid/yolo8_seg/inference_speed.json
isaac_official_unitree_g1,mask_rcnn,baseline,inference,ok,instance_segmentation,0.5643601089104575,0.6199106425200137,0.3818439466456059,0.5529405053059628,0.4042400726378671,outputs/task6_evaluation/baselines/mask_rcnn/isaac_official_unitree_g1_metrics.json,cpu,ok,0.4084519248944613,2448.2685453334248,2461.0174786002062,3.0,,False,0.2305139728181242,0.00023051397281812419,outputs/task7_inference_speed/cpu/isaac_official_unitree_g1/mask_rcnn/inference_speed.json
isaac_official_unitree_g1,mask_rcnn,baseline,inference,ok,instance_segmentation,0.5643601089104575,0.6199106425200137,0.3818439466456059,0.5529405053059628,0.4042400726378671,outputs/task6_evaluation/baselines/mask_rcnn/isaac_official_unitree_g1_metrics.json,cuda,ok,8.258976007664836,121.08038564005255,125.72068414981459,50.0,,False,4.661036599174583,0.004661036599174583,outputs/task7_inference_speed/cuda/isaac_official_unitree_g1/mask_rcnn/inference_speed.json
blenderproc_cogar_sim,mask_rcnn,baseline,inference,ok,instance_segmentation,0.7895191007664695,0.6443972972871164,0.5740391159591088,0.7585945721731661,0.6332997060332645,outputs/task6_evaluation/baselines/mask_rcnn/blenderproc_cogar_sim_metrics.json,cpu,ok,0.5112331035348305,1956.0548663333368,1982.5071329998536,3.0,,False,0.4036283001848708,0.00040362830018487084,outputs/task7_inference_speed/cpu/blenderproc_cogar_sim/mask_rcnn/inference_speed.json
blenderproc_cogar_sim,mask_rcnn,baseline,inference,ok,instance_segmentation,0.7895191007664695,0.6443972972871164,0.5740391159591088,0.7585945721731661,0.6332997060332645,outputs/task6_evaluation/baselines/mask_rcnn/blenderproc_cogar_sim_metrics.json,cuda,ok,12.934753742961448,77.31109690002086,85.43416370002888,50.0,,False,10.212235143778647,0.010212235143778647,outputs/task7_inference_speed/cuda/blenderproc_cogar_sim/mask_rcnn/inference_speed.json
ocid,mask_rcnn,baseline,inference,ok,instance_segmentation,0.8123703626805883,0.7343935367651694,0.6619717416807416,0.8874887707244264,0.7420527909917737,outputs/task6_evaluation/baselines/mask_rcnn/ocid_metrics.json,cpu,ok,0.5505343983174028,1816.416927000925,1842.2869105006612,3.0,,False,0.44723782882924795,0.000447237828829248,outputs/task7_inference_speed/cpu/ocid/mask_rcnn/inference_speed.json
ocid,mask_rcnn,baseline,inference,ok,instance_segmentation,0.8123703626805883,0.7343935367651694,0.6619717416807416,0.8874887707244264,0.7420527909917737,outputs/task6_evaluation/baselines/mask_rcnn/ocid_metrics.json,cuda,ok,13.969892694681674,71.5825111799677,76.04911309990712,50.0,,False,11.348726794987451,0.011348726794987453,outputs/task7_inference_speed/cuda/ocid/mask_rcnn/inference_speed.json
isaac_official_unitree_g1,deeplabv3plus,baseline,inference,ok,semantic_segmentation,0.6604725763556952,0.6642246344275081,,,,outputs/task6_evaluation/baselines/deeplabv3plus/isaac_official_unitree_g1_metrics.json,cpu,ok,1.8897366244582843,529.1742706667719,534.6398005000083,3.0,,False,1.248119216989678,0.001248119216989678,outputs/task7_inference_speed/cpu/isaac_official_unitree_g1/deeplabv3plus/inference_speed.json
isaac_official_unitree_g1,deeplabv3plus,baseline,inference,ok,semantic_segmentation,0.6604725763556952,0.6642246344275081,,,,outputs/task6_evaluation/baselines/deeplabv3plus/isaac_official_unitree_g1_metrics.json,cuda,ok,34.33168643843706,29.127610780005853,40.21410899983948,50.0,,True,22.675137392630408,0.022675137392630405,outputs/task7_inference_speed/cuda/isaac_official_unitree_g1/deeplabv3plus/inference_speed.json
blenderproc_cogar_sim,deeplabv3plus,baseline,inference,ok,semantic_segmentation,0.719802264279518,0.6803827488914189,,,,outputs/task6_evaluation/baselines/deeplabv3plus/blenderproc_cogar_sim_metrics.json,cpu,ok,1.937772328830377,516.056497000136,521.9978071003425,3.0,,False,1.3948129099503,0.0013948129099503,outputs/task7_inference_speed/cpu/blenderproc_cogar_sim/deeplabv3plus/inference_speed.json
blenderproc_cogar_sim,deeplabv3plus,baseline,inference,ok,semantic_segmentation,0.719802264279518,0.6803827488914189,,,,outputs/task6_evaluation/baselines/deeplabv3plus/blenderproc_cogar_sim_metrics.json,cuda,ok,40.89967489301605,24.45007209998039,24.92105714986792,50.0,,True,29.439678596289102,0.029439678596289102,outputs/task7_inference_speed/cuda/blenderproc_cogar_sim/deeplabv3plus/inference_speed.json
ocid,deeplabv3plus,baseline,inference,ok,semantic_segmentation,0.9632376367955024,0.8801406183427867,,,,outputs/task6_evaluation/baselines/deeplabv3plus/ocid_metrics.json,cpu,ok,1.9533698223504312,511.9358293335002,516.7709717990874,3.0,,False,1.8815593314684798,0.00188155933146848,outputs/task7_inference_speed/cpu/ocid/deeplabv3plus/inference_speed.json
ocid,deeplabv3plus,baseline,inference,ok,semantic_segmentation,0.9632376367955024,0.8801406183427867,,,,outputs/task6_evaluation/baselines/deeplabv3plus/ocid_metrics.json,cuda,ok,37.81116069858924,26.447217740060296,36.01637649985605,50.0,,True,36.42113307580408,0.03642113307580408,outputs/task7_inference_speed/cuda/ocid/deeplabv3plus/inference_speed.json
