category_name,count,min,median,mean,max,tiny,small,medium,large
screw,427,25.0,268.0,286.2224824355972,1434.0,38,388,1,0
connector,531,26.0,1612.0,1756.1129943502824,7695.0,11,118,402,0
cable,281,50.0,2331.0,2651.23487544484,8619.0,3,32,246,0
robot_gripper,1042,32.0,3303.0,6638.563339731286,36380.0,8,102,655,277
metal_part,555,25.0,3307.0,3966.1927927927927,29208.0,5,52,474,24
plastic_object,627,27.0,3472.0,4078.562998405104,19422.0,7,59,538,23
tool,296,33.0,5114.5,5652.6722972972975,21788.0,1,8,256,31
glass_object,360,115.0,8616.0,9510.705555555556,45670.0,0,6,214,140
box,352,281.0,11540.0,13011.355113636364,53746.0,0,7,128,217
