dataset,model,prompt_mode,status,records,instances,mIoU,boundary_f1,mask_AP,mask_AP50,mask_AP75,elapsed_s,metrics_file,dataset_label,model_label,prompt_label
blenderproc_cogar_sim,sam_vit_h,automatic,ok,1000.0,8768.0,0.8780589809430633,0.8545704717526055,0.5811973987705658,0.6793105314210933,0.5871680399731383,37.70316016400466,outputs/task6_evaluation/zero_shot/blenderproc_cogar_sim/sam_vit_h/automatic_metrics.json,BlenderProc,SAM ViT-H,Automatic
blenderproc_cogar_sim,sam_vit_h,box,ok,8768.0,8768.0,0.922600971926882,0.9053142995607248,0.8679466984608216,0.966874439172164,0.9055139576310632,34.258422193001024,outputs/task6_evaluation/zero_shot/blenderproc_cogar_sim/sam_vit_h/box_metrics.json,BlenderProc,SAM ViT-H,Box
blenderproc_cogar_sim,sam2_hiera_large,point,ok,8768.0,8768.0,0.827318364394468,0.822151141728766,0.7510721480435437,0.8899820149974988,0.7776358345412229,38.20702778399573,outputs/task6_evaluation/zero_shot/blenderproc_cogar_sim/sam2_hiera_large/point_metrics.json,BlenderProc,SAM2-L,Point
isaac_official_unitree_g1,fastsam_x,automatic,ok,1000.0,72695.0,0.523164727480969,0.5998681645305536,0.2563159336355923,0.3877797619065385,0.2742058917352283,731.776532031974,outputs/task6_evaluation/zero_shot/isaac_official_unitree_g1/fastsam_x/automatic_metrics.json,Isaac G1,FastSAM-X,Automatic
isaac_official_unitree_g1,sam_vit_h,box,ok,72695.0,72695.0,0.7520193025677744,0.8744340552417512,0.6778063539430256,0.8518658203628238,0.6967960116031591,1616.257173416001,outputs/task6_evaluation/zero_shot/isaac_official_unitree_g1/sam_vit_h/box_metrics.json,Isaac G1,SAM ViT-H,Box
isaac_official_unitree_g1,efficient_sam_ti,point,ok,,,0.6031162303287844,0.6879132099513083,0.5099790230522836,0.6971924699957422,0.53249303829423,,,Isaac G1,EffSAM-Ti,Point
ocid,sam_vit_h,automatic,ok,2390.0,21487.0,0.8382905606713064,0.7762349661080024,0.3961026495928901,0.5348531452549238,0.4808314326635168,112.7503568289976,outputs/task6_evaluation/zero_shot/ocid/sam_vit_h/automatic_metrics.json,OCID,SAM ViT-H,Automatic
ocid,sam2_hiera_large,box,ok,21487.0,21487.0,0.8659770273605177,0.7872642061143948,0.7756979963789858,0.9694568004367208,0.9049055174932888,91.68238661100622,outputs/task6_evaluation/zero_shot/ocid/sam2_hiera_large/box_metrics.json,OCID,SAM2-L,Box
ocid,sam2_hiera_large,point,ok,21487.0,21487.0,0.7585420059070903,0.737490971945824,0.612397057775292,0.7895222393615046,0.7301382470461102,83.33515075000469,outputs/task6_evaluation/zero_shot/ocid/sam2_hiera_large/point_metrics.json,OCID,SAM2-L,Point
