dataset,model,model_family,prompt_mode,device,status,sample_images,warmup_units,timed_units,fps,latency_mean_ms,latency_median_ms,latency_p95_ms,latency_min_ms,latency_max_ms,output_count_mean,elapsed_wall_s,metrics_file,error
isaac_official_unitree_g1,mobile_sam_vit_t,zero_shot,point,cuda,ok,50,3,50,16.836411910606394,59.39507807896007,59.1673054950661,60.075478805811144,58.47163900034502,66.97002600412816,3.0,16.029569270001957,outputs/task9_lightweight_sam/inference_speed/cuda/isaac_official_unitree_g1/mobile_sam_vit_t/point_speed.json,
isaac_official_unitree_g1,mobile_sam_vit_t,zero_shot,box,cuda,ok,50,3,50,16.89468795704245,59.19020241999533,58.802197498152964,59.82640109723434,58.05560600128956,69.5663430087734,3.0,4.974940660991706,outputs/task9_lightweight_sam/inference_speed/cuda/isaac_official_unitree_g1/mobile_sam_vit_t/box_speed.json,
isaac_official_unitree_g1,mobile_sam_vit_t,zero_shot,automatic,cuda,ok,20,3,20,0.2174335818640833,4599.105581699405,4579.202576496755,4927.297878406534,4334.4015539914835,5054.603851996944,58.35,106.49966228299309,outputs/task9_lightweight_sam/inference_speed/cuda/isaac_official_unitree_g1/mobile_sam_vit_t/automatic_speed.json,
isaac_official_unitree_g1,efficient_sam_ti,zero_shot,point,cuda,ok,50,3,50,8.135888792139685,122.91220118029742,123.12615550035844,124.19788959741709,120.27253999258392,124.5508720021462,3.0,8.282128930004546,outputs/task9_lightweight_sam/inference_speed/cuda/isaac_official_unitree_g1/efficient_sam_ti/point_speed.json,
isaac_official_unitree_g1,efficient_sam_ti,zero_shot,box,cuda,ok,50,3,50,8.587645172342091,116.44635752076283,116.34340699674794,117.67641605329118,115.20213000767399,118.14416100969538,3.0,7.629774170010933,outputs/task9_lightweight_sam/inference_speed/cuda/isaac_official_unitree_g1/efficient_sam_ti/box_speed.json,
isaac_official_unitree_g1,efficient_sam_ti,zero_shot,automatic,cuda,ok,20,3,20,1.8505489642782424,540.3801895023207,541.504998000164,555.4421175074822,520.1746960083256,568.2157130067935,64.0,13.136105370998848,outputs/task9_lightweight_sam/inference_speed/cuda/isaac_official_unitree_g1/efficient_sam_ti/automatic_speed.json,
isaac_official_unitree_g1,efficient_sam_s,zero_shot,point,cuda,ok,50,3,50,4.22439181561588,236.72046619903995,236.6679274928174,238.94903730542865,234.39758800668642,239.91182800091337,3.0,14.532777950997115,outputs/task9_lightweight_sam/inference_speed/cuda/isaac_official_unitree_g1/efficient_sam_s/point_speed.json,
isaac_official_unitree_g1,efficient_sam_s,zero_shot,box,cuda,ok,50,3,50,4.211757346668506,237.43058246007422,237.45592500199564,239.24243594738073,235.13912899943534,239.45270299736876,3.0,14.200217845995212,outputs/task9_lightweight_sam/inference_speed/cuda/isaac_official_unitree_g1/efficient_sam_s/box_speed.json,
isaac_official_unitree_g1,efficient_sam_s,zero_shot,automatic,cuda,ok,20,3,20,1.4346256141460592,697.0459680487693,698.0943290036521,711.6898594489612,682.1545499988133,713.6936269962462,64.0,16.890608405010425,outputs/task9_lightweight_sam/inference_speed/cuda/isaac_official_unitree_g1/efficient_sam_s/automatic_speed.json,
blenderproc_cogar_sim,mobile_sam_vit_t,zero_shot,point,cuda,ok,50,3,50,15.617816721903928,64.02943623979809,63.978890000726096,64.8199252973427,63.235851004719734,65.24443600210361,3.0,4.110459612988052,outputs/task9_lightweight_sam/inference_speed/cuda/blenderproc_cogar_sim/mobile_sam_vit_t/point_speed.json,
blenderproc_cogar_sim,mobile_sam_vit_t,zero_shot,box,cuda,ok,50,3,50,15.736615025539493,63.5460674596834,63.49767549545504,64.2750304461515,62.62676500773523,64.55642399669159,3.0,3.9973565899999812,outputs/task9_lightweight_sam/inference_speed/cuda/blenderproc_cogar_sim/mobile_sam_vit_t/box_speed.json,
blenderproc_cogar_sim,mobile_sam_vit_t,zero_shot,automatic,cuda,ok,20,3,20,0.19760006144782039,5060.7271712011425,5069.295591994887,6009.108864299924,3818.1904410012066,6314.342654004577,20.75,116.37081172199396,outputs/task9_lightweight_sam/inference_speed/cuda/blenderproc_cogar_sim/mobile_sam_vit_t/automatic_speed.json,
blenderproc_cogar_sim,efficient_sam_ti,zero_shot,point,cuda,ok,50,3,50,9.024243108617668,110.81261751969578,110.80006700649392,111.71620769964647,109.22498199215624,111.98488000081852,3.0,6.357782898994628,outputs/task9_lightweight_sam/inference_speed/cuda/blenderproc_cogar_sim/efficient_sam_ti/point_speed.json,
blenderproc_cogar_sim,efficient_sam_ti,zero_shot,box,cuda,ok,50,3,50,9.005968404294538,111.03747593908338,111.02210599347018,112.12740130722523,110.03649700433016,112.40453300706577,3.0,6.373389671993209,outputs/task9_lightweight_sam/inference_speed/cuda/blenderproc_cogar_sim/efficient_sam_ti/box_speed.json,
blenderproc_cogar_sim,efficient_sam_ti,zero_shot,automatic,cuda,ok,20,3,20,2.517289563148243,397.25266995083075,396.9223940075608,408.5169213998597,380.10963700071443,413.8797740015434,64.0,9.415757456998108,outputs/task9_lightweight_sam/inference_speed/cuda/blenderproc_cogar_sim/efficient_sam_ti/automatic_speed.json,
blenderproc_cogar_sim,efficient_sam_s,zero_shot,point,cuda,ok,50,3,50,4.311706374497209,231.9267392405891,231.812958001683,234.35710575504345,228.94628300855402,235.0151149876183,3.0,12.934065213004942,outputs/task9_lightweight_sam/inference_speed/cuda/blenderproc_cogar_sim/efficient_sam_s/point_speed.json,
blenderproc_cogar_sim,efficient_sam_s,zero_shot,box,cuda,ok,50,3,50,4.308840726810274,232.08098497998435,231.89882750739343,234.0588062441384,229.98082100821193,235.2721719944384,3.0,12.948954332008725,outputs/task9_lightweight_sam/inference_speed/cuda/blenderproc_cogar_sim/efficient_sam_s/box_speed.json,
blenderproc_cogar_sim,efficient_sam_s,zero_shot,automatic,cuda,ok,20,3,20,1.9150735632880773,522.1731525984069,522.2550419930485,534.9287413904676,509.4100659916876,540.578912012279,64.0,12.415547421012889,outputs/task9_lightweight_sam/inference_speed/cuda/blenderproc_cogar_sim/efficient_sam_s/automatic_speed.json,
ocid,mobile_sam_vit_t,zero_shot,point,cuda,ok,50,3,50,15.55672698513192,64.28087353822775,64.24115199479274,64.84636709938059,63.42681001115125,65.14034599240404,3.0,4.26429891299631,outputs/task9_lightweight_sam/inference_speed/cuda/ocid/mobile_sam_vit_t/point_speed.json,
ocid,mobile_sam_vit_t,zero_shot,box,cuda,ok,50,3,50,15.521780667908974,64.42559789982624,64.48912699852372,65.06550239937496,63.69073298992589,65.25464799779002,3.0,4.140300336992368,outputs/task9_lightweight_sam/inference_speed/cuda/ocid/mobile_sam_vit_t/box_speed.json,
ocid,mobile_sam_vit_t,zero_shot,automatic,cuda,ok,20,3,20,0.2293605599162269,4359.947500848648,4423.697272002755,4544.91883919909,3921.9583130034152,4555.882147004013,74.45,101.30538212799001,outputs/task9_lightweight_sam/inference_speed/cuda/ocid/mobile_sam_vit_t/automatic_speed.json,
ocid,efficient_sam_ti,zero_shot,point,cuda,ok,50,3,50,8.965794946884884,111.53500675893156,111.51205550413579,112.46730979619315,110.29725399566814,112.80255600286182,3.0,6.480544035002822,outputs/task9_lightweight_sam/inference_speed/cuda/ocid/efficient_sam_ti/point_speed.json,
ocid,efficient_sam_ti,zero_shot,box,cuda,ok,50,3,50,8.924645578891973,112.04926752106985,111.99104499974055,113.0480443018314,110.98414199659601,113.8495659979526,3.0,6.505922645999817,outputs/task9_lightweight_sam/inference_speed/cuda/ocid/efficient_sam_ti/box_speed.json,
ocid,efficient_sam_ti,zero_shot,automatic,cuda,ok,20,3,20,2.517622035964994,397.200209449511,395.463609995204,411.46833510283614,385.1162209903123,415.9630149952136,64.0,9.441874992000521,outputs/task9_lightweight_sam/inference_speed/cuda/ocid/efficient_sam_ti/automatic_speed.json,
ocid,efficient_sam_s,zero_shot,point,cuda,ok,50,3,50,4.293035432711595,232.9354172994499,233.0378929982544,234.3135546972917,231.08703600883018,234.78195199277252,3.0,13.075955092994263,outputs/task9_lightweight_sam/inference_speed/cuda/ocid/efficient_sam_s/point_speed.json,
ocid,efficient_sam_s,zero_shot,box,cuda,ok,50,3,50,4.287164368917253,233.25441106251674,233.2052165074856,236.08625295601087,230.6712199933827,237.52119499840774,3.0,13.096067613005289,outputs/task9_lightweight_sam/inference_speed/cuda/ocid/efficient_sam_s/box_speed.json,
ocid,efficient_sam_s,zero_shot,automatic,cuda,ok,20,3,20,1.9339562169306244,517.0747875497909,518.403717505862,523.4870467873407,501.7666100029601,526.2522079865448,64.0,12.342613289001747,outputs/task9_lightweight_sam/inference_speed/cuda/ocid/efficient_sam_s/automatic_speed.json,
isaac_official_unitree_g1,mobile_sam_vit_t,zero_shot,point,cpu,ok,10,3,10,0.5733646499090024,1744.090780899569,1747.2846169985132,1754.5191869961855,1728.3180840022396,1757.4741119897226,3.0,23.223580955993384,outputs/task9_lightweight_sam/inference_speed/cpu/isaac_official_unitree_g1/mobile_sam_vit_t/point_speed.json,
isaac_official_unitree_g1,mobile_sam_vit_t,zero_shot,box,cpu,ok,10,3,10,0.5770515343311834,1732.947476101981,1731.1761119999574,1743.041423700197,1723.5061550018145,1746.6253379971022,3.0,23.07824771000014,outputs/task9_lightweight_sam/inference_speed/cpu/isaac_official_unitree_g1/mobile_sam_vit_t/box_speed.json,
isaac_official_unitree_g1,mobile_sam_vit_t,zero_shot,automatic,cpu,ok,1,3,1,0.005902356961073096,169423.84315200616,169423.84315200616,169423.84315200616,169423.84315200616,169423.84315200616,49.0,678.8030437559937,outputs/task9_lightweight_sam/inference_speed/cpu/isaac_official_unitree_g1/mobile_sam_vit_t/automatic_speed.json,
isaac_official_unitree_g1,efficient_sam_ti,zero_shot,point,cpu,ok,10,3,10,0.19720471104398568,5070.872773302835,5074.674655508716,5095.768085497548,5031.063896007254,5097.004726005252,3.0,66.18499165300454,outputs/task9_lightweight_sam/inference_speed/cpu/isaac_official_unitree_g1/efficient_sam_ti/point_speed.json,
isaac_official_unitree_g1,efficient_sam_ti,zero_shot,box,cpu,ok,10,3,10,0.1963477570172453,5093.004448796273,5095.069335991866,5112.108966449159,5066.35751700378,5115.359180999803,3.0,66.61662464198889,outputs/task9_lightweight_sam/inference_speed/cpu/isaac_official_unitree_g1/efficient_sam_ti/box_speed.json,
isaac_official_unitree_g1,efficient_sam_ti,zero_shot,automatic,cpu,ok,1,3,1,0.07454636103133401,13414.47102400707,13414.47102400707,13414.47102400707,13414.47102400707,13414.47102400707,64.0,53.95026798998879,outputs/task9_lightweight_sam/inference_speed/cpu/isaac_official_unitree_g1/efficient_sam_ti/automatic_speed.json,
isaac_official_unitree_g1,efficient_sam_s,zero_shot,point,cpu,ok,10,3,10,0.0952437755723664,10499.373780496535,10505.492241994943,10542.674985645135,10445.13894400734,10545.277633995283,3.0,137.1353258099989,outputs/task9_lightweight_sam/inference_speed/cpu/isaac_official_unitree_g1/efficient_sam_s/point_speed.json,
isaac_official_unitree_g1,efficient_sam_s,zero_shot,box,cpu,ok,10,3,10,0.09560565063200858,10459.632808201422,10469.767390510242,10503.203622751607,10354.91804398771,10507.26190500427,3.0,136.6010061880079,outputs/task9_lightweight_sam/inference_speed/cpu/isaac_official_unitree_g1/efficient_sam_s/box_speed.json,
isaac_official_unitree_g1,efficient_sam_s,zero_shot,automatic,cpu,ok,1,3,1,0.05288213741182212,18909.976958995685,18909.976958995685,18909.976958995685,18909.976958995685,18909.976958995685,64.0,75.8629346670059,outputs/task9_lightweight_sam/inference_speed/cpu/isaac_official_unitree_g1/efficient_sam_s/automatic_speed.json,
blenderproc_cogar_sim,mobile_sam_vit_t,zero_shot,point,cpu,ok,10,3,10,0.6806270630794627,1469.2333794009755,1468.9908805012237,1476.0790368512971,1460.7916100067087,1478.0885420041159,3.0,19.405864619999193,outputs/task9_lightweight_sam/inference_speed/cpu/blenderproc_cogar_sim/mobile_sam_vit_t/point_speed.json,
blenderproc_cogar_sim,mobile_sam_vit_t,zero_shot,box,cpu,ok,10,3,10,0.651348202834361,1535.2771308011143,1535.0200695029343,1540.5665993508592,1527.7677480044076,1540.844464005204,3.0,20.304765252993093,outputs/task9_lightweight_sam/inference_speed/cpu/blenderproc_cogar_sim/mobile_sam_vit_t/box_speed.json,
blenderproc_cogar_sim,mobile_sam_vit_t,zero_shot,automatic,cpu,ok,1,3,1,0.006287147285081434,159054.6482619975,159054.6482619975,159054.6482619975,159054.6482619975,159054.6482619975,36.0,629.4167485989892,outputs/task9_lightweight_sam/inference_speed/cpu/blenderproc_cogar_sim/mobile_sam_vit_t/automatic_speed.json,
blenderproc_cogar_sim,efficient_sam_ti,zero_shot,point,cpu,ok,10,3,10,0.19557173051199153,5113.213435203943,5104.1264585001045,5160.024504709145,5086.648543001502,5182.966033011326,3.0,66.7768299439922,outputs/task9_lightweight_sam/inference_speed/cpu/blenderproc_cogar_sim/efficient_sam_ti/point_speed.json,
blenderproc_cogar_sim,efficient_sam_ti,zero_shot,box,cpu,ok,10,3,10,0.19424063335099376,5148.253394504718,5148.667615510931,5187.915408102708,5123.039637997863,5209.132855001371,3.0,67.04757335399336,outputs/task9_lightweight_sam/inference_speed/cpu/blenderproc_cogar_sim/efficient_sam_ti/box_speed.json,
blenderproc_cogar_sim,efficient_sam_ti,zero_shot,automatic,cpu,ok,1,3,1,0.07652363187048085,13067.858588998206,13067.858588998206,13067.858588998206,13067.858588998206,13067.858588998206,64.0,52.50228532899928,outputs/task9_lightweight_sam/inference_speed/cpu/blenderproc_cogar_sim/efficient_sam_ti/automatic_speed.json,
blenderproc_cogar_sim,efficient_sam_s,zero_shot,point,cpu,ok,10,3,10,0.09473427147425692,10555.84198239958,10545.248266498675,10639.31180450163,10498.73424100224,10672.535731995595,3.0,137.77225764200557,outputs/task9_lightweight_sam/inference_speed/cpu/blenderproc_cogar_sim/efficient_sam_s/point_speed.json,
blenderproc_cogar_sim,efficient_sam_s,zero_shot,box,cpu,ok,10,3,10,0.09425424028078147,10609.602252599143,10598.971759500273,10722.191153095628,10498.426820995519,10742.85821399826,3.0,138.2082675640122,outputs/task9_lightweight_sam/inference_speed/cpu/blenderproc_cogar_sim/efficient_sam_s/box_speed.json,
blenderproc_cogar_sim,efficient_sam_s,zero_shot,automatic,cpu,ok,1,3,1,0.05311446185374355,18827.26408400049,18827.26408400049,18827.26408400049,18827.26408400049,18827.26408400049,64.0,76.24019459899864,outputs/task9_lightweight_sam/inference_speed/cpu/blenderproc_cogar_sim/efficient_sam_s/automatic_speed.json,
ocid,mobile_sam_vit_t,zero_shot,point,cpu,ok,10,3,10,0.6252640569059043,1599.3242997981724,1597.6157510012854,1613.170063351572,1584.262600998045,1613.6914410017198,3.0,21.113942708994728,outputs/task9_lightweight_sam/inference_speed/cpu/ocid/mobile_sam_vit_t/point_speed.json,
ocid,mobile_sam_vit_t,zero_shot,box,cpu,ok,10,3,10,0.6359565400457321,1572.4344936024863,1571.9182600005297,1576.2571538041811,1569.4532150082523,1577.1470180043252,3.0,20.8367554419965,outputs/task9_lightweight_sam/inference_speed/cpu/ocid/mobile_sam_vit_t/box_speed.json,
ocid,mobile_sam_vit_t,zero_shot,automatic,cpu,ok,1,3,1,0.006429676226670611,155528.82676299487,155528.82676299487,155528.82676299487,155528.82676299487,155528.82676299487,57.0,623.5804476229969,outputs/task9_lightweight_sam/inference_speed/cpu/ocid/mobile_sam_vit_t/automatic_speed.json,
ocid,efficient_sam_ti,zero_shot,point,cpu,ok,10,3,10,0.19572464381235244,5109.218647799571,5107.611921004718,5126.553679456265,5093.153666995931,5130.5190250132,3.0,66.58765685699473,outputs/task9_lightweight_sam/inference_speed/cpu/ocid/efficient_sam_ti/point_speed.json,
ocid,efficient_sam_ti,zero_shot,box,cpu,ok,10,3,10,0.19566756086304302,5110.709182397113,5109.84787849884,5134.819947292999,5086.632877995726,5140.049480993184,3.0,66.69598585000494,outputs/task9_lightweight_sam/inference_speed/cpu/ocid/efficient_sam_ti/box_speed.json,
ocid,efficient_sam_ti,zero_shot,automatic,cpu,ok,1,3,1,0.0759282057745966,13170.336238006712,13170.336238006712,13170.336238006712,13170.336238006712,13170.336238006712,64.0,52.54217468899151,outputs/task9_lightweight_sam/inference_speed/cpu/ocid/efficient_sam_ti/automatic_speed.json,
ocid,efficient_sam_s,zero_shot,point,cpu,ok,10,3,10,0.09715895952693683,10292.411578602332,10268.74765050161,10407.607720103988,10177.402261993848,10426.456997010973,3.0,134.4289775590005,outputs/task9_lightweight_sam/inference_speed/cpu/ocid/efficient_sam_s/point_speed.json,
ocid,efficient_sam_s,zero_shot,box,cpu,ok,10,3,10,0.09733021551098817,10274.301713501336,10277.8830774987,10352.19715835774,10166.639401999419,10356.003311011591,3.0,133.99708459900285,outputs/task9_lightweight_sam/inference_speed/cpu/ocid/efficient_sam_s/box_speed.json,
ocid,efficient_sam_s,zero_shot,automatic,cpu,ok,1,3,1,0.054769942378763,18258.189739994123,18258.189739994123,18258.189739994123,18258.189739994123,18258.189739994123,64.0,73.82906067399017,outputs/task9_lightweight_sam/inference_speed/cpu/ocid/efficient_sam_s/automatic_speed.json,
