row_index,object_id,image_path,gt_mask_path,file_name,bbox_xmin,bbox_ymin,bbox_xmax,bbox_ymax,box_sam_score,box_iou,box_mask_path,box_visualization_path,box_device,box_model_type,point_x,point_y,point_sam_score,point_iou,point_mask_path,point_visualization_path,point_device,point_model_type,iou_delta_point_minus_box,abs_iou_delta,sam_score_delta_point_minus_box,winner
0,3,/mnt/Info/COGAR_DATASETs/OCID-dataset/YCB10/table/top/mixed/seq21/rgb/result_2018-08-24-13-13-32.png,/home/amir/Desktop/COGAR/COGAR_Foundation-Model-Segmentation-for-Robotic-Scenes/outputs/gt_binary_masks/00000_result_2018-08-24-13-13-32_obj3.png,result_2018-08-24-13-13-32.png,377.0,229.0,449.0,300.0,0.9687163829803468,0.8818048062775871,/home/amir/Desktop/COGAR/COGAR_Foundation-Model-Segmentation-for-Robotic-Scenes/outputs/sam_box_prompt/masks/row_0000_object_3_sam_mask.png,/home/amir/Desktop/COGAR/COGAR_Foundation-Model-Segmentation-for-Robotic-Scenes/outputs/sam_box_prompt/visualizations/row_0000_object_3_sam_visualization.png,cuda,vit_b,413.0,262.0,0.7475641965866089,0.7031480570585342,/home/amir/Desktop/COGAR/COGAR_Foundation-Model-Segmentation-for-Robotic-Scenes/outputs/sam_point_prompt_batch/masks/row_0000_object_3_sam_point_mask.png,/home/amir/Desktop/COGAR/COGAR_Foundation-Model-Segmentation-for-Robotic-Scenes/outputs/sam_point_prompt_batch/visualizations/row_0000_object_3_sam_point_visualization.png,cuda,vit_b,-0.17865674921905284,0.17865674921905284,-0.2211521863937379,box
1,3,/mnt/Info/COGAR_DATASETs/OCID-dataset/YCB10/table/top/mixed/seq21/rgb/result_2018-08-24-13-13-53.png,/home/amir/Desktop/COGAR/COGAR_Foundation-Model-Segmentation-for-Robotic-Scenes/outputs/gt_binary_masks/00001_result_2018-08-24-13-13-53_obj3.png,result_2018-08-24-13-13-53.png,377.0,229.0,449.0,300.0,0.9745699167251588,0.8873377418564781,/home/amir/Desktop/COGAR/COGAR_Foundation-Model-Segmentation-for-Robotic-Scenes/outputs/sam_box_prompt/masks/row_0001_object_3_sam_mask.png,/home/amir/Desktop/COGAR/COGAR_Foundation-Model-Segmentation-for-Robotic-Scenes/outputs/sam_box_prompt/visualizations/row_0001_object_3_sam_visualization.png,cuda,vit_b,413.0,263.0,0.8098419308662415,0.8850405305821666,/home/amir/Desktop/COGAR/COGAR_Foundation-Model-Segmentation-for-Robotic-Scenes/outputs/sam_point_prompt_batch/masks/row_0001_object_3_sam_point_mask.png,/home/amir/Desktop/COGAR/COGAR_Foundation-Model-Segmentation-for-Robotic-Scenes/outputs/sam_point_prompt_batch/visualizations/row_0001_object_3_sam_point_visualization.png,cuda,vit_b,-0.0022972112743114836,0.0022972112743114836,-0.16472798585891735,box
2,4,/mnt/Info/COGAR_DATASETs/OCID-dataset/YCB10/table/top/mixed/seq21/rgb/result_2018-08-24-13-13-53.png,/home/amir/Desktop/COGAR/COGAR_Foundation-Model-Segmentation-for-Robotic-Scenes/outputs/gt_binary_masks/00002_result_2018-08-24-13-13-53_obj4.png,result_2018-08-24-13-13-53.png,374.0,292.0,453.0,390.0,0.9587258100509644,0.8486125746399719,/home/amir/Desktop/COGAR/COGAR_Foundation-Model-Segmentation-for-Robotic-Scenes/outputs/sam_box_prompt/masks/row_0002_object_4_sam_mask.png,/home/amir/Desktop/COGAR/COGAR_Foundation-Model-Segmentation-for-Robotic-Scenes/outputs/sam_box_prompt/visualizations/row_0002_object_4_sam_visualization.png,cuda,vit_b,412.0,343.0,0.9180353879928588,0.846875,/home/amir/Desktop/COGAR/COGAR_Foundation-Model-Segmentation-for-Robotic-Scenes/outputs/sam_point_prompt_batch/masks/row_0002_object_4_sam_point_mask.png,/home/amir/Desktop/COGAR/COGAR_Foundation-Model-Segmentation-for-Robotic-Scenes/outputs/sam_point_prompt_batch/visualizations/row_0002_object_4_sam_point_visualization.png,cuda,vit_b,-0.0017375746399718173,0.0017375746399718173,-0.04069042205810558,box
3,3,/mnt/Info/COGAR_DATASETs/OCID-dataset/YCB10/table/top/mixed/seq21/rgb/result_2018-08-24-13-14-16.png,/home/amir/Desktop/COGAR/COGAR_Foundation-Model-Segmentation-for-Robotic-Scenes/outputs/gt_binary_masks/00003_result_2018-08-24-13-14-16_obj3.png,result_2018-08-24-13-14-16.png,377.0,229.0,449.0,300.0,0.9674740433692932,0.8918387413962635,/home/amir/Desktop/COGAR/COGAR_Foundation-Model-Segmentation-for-Robotic-Scenes/outputs/sam_box_prompt/masks/row_0003_object_3_sam_mask.png,/home/amir/Desktop/COGAR/COGAR_Foundation-Model-Segmentation-for-Robotic-Scenes/outputs/sam_box_prompt/visualizations/row_0003_object_3_sam_visualization.png,cuda,vit_b,413.0,263.0,0.7763516902923584,0.8848335388409371,/home/amir/Desktop/COGAR/COGAR_Foundation-Model-Segmentation-for-Robotic-Scenes/outputs/sam_point_prompt_batch/masks/row_0003_object_3_sam_point_mask.png,/home/amir/Desktop/COGAR/COGAR_Foundation-Model-Segmentation-for-Robotic-Scenes/outputs/sam_point_prompt_batch/visualizations/row_0003_object_3_sam_point_visualization.png,cuda,vit_b,-0.00700520255532644,0.00700520255532644,-0.19112235307693481,box
4,4,/mnt/Info/COGAR_DATASETs/OCID-dataset/YCB10/table/top/mixed/seq21/rgb/result_2018-08-24-13-14-16.png,/home/amir/Desktop/COGAR/COGAR_Foundation-Model-Segmentation-for-Robotic-Scenes/outputs/gt_binary_masks/00004_result_2018-08-24-13-14-16_obj4.png,result_2018-08-24-13-14-16.png,375.0,293.0,452.0,392.0,0.964399755001068,0.8428770949720671,/home/amir/Desktop/COGAR/COGAR_Foundation-Model-Segmentation-for-Robotic-Scenes/outputs/sam_box_prompt/masks/row_0004_object_4_sam_mask.png,/home/amir/Desktop/COGAR/COGAR_Foundation-Model-Segmentation-for-Robotic-Scenes/outputs/sam_box_prompt/visualizations/row_0004_object_4_sam_visualization.png,cuda,vit_b,412.0,344.0,0.8933566808700562,0.8372252747252747,/home/amir/Desktop/COGAR/COGAR_Foundation-Model-Segmentation-for-Robotic-Scenes/outputs/sam_point_prompt_batch/masks/row_0004_object_4_sam_point_mask.png,/home/amir/Desktop/COGAR/COGAR_Foundation-Model-Segmentation-for-Robotic-Scenes/outputs/sam_point_prompt_batch/visualizations/row_0004_object_4_sam_point_visualization.png,cuda,vit_b,-0.005651820246792338,0.005651820246792338,-0.07104307413101185,box
5,5,/mnt/Info/COGAR_DATASETs/OCID-dataset/YCB10/table/top/mixed/seq21/rgb/result_2018-08-24-13-14-16.png,/home/amir/Desktop/COGAR/COGAR_Foundation-Model-Segmentation-for-Robotic-Scenes/outputs/gt_binary_masks/00005_result_2018-08-24-13-14-16_obj5.png,result_2018-08-24-13-14-16.png,317.0,255.0,378.0,331.0,0.9841170907020568,0.903819347644271,/home/amir/Desktop/COGAR/COGAR_Foundation-Model-Segmentation-for-Robotic-Scenes/outputs/sam_box_prompt/masks/row_0005_object_5_sam_mask.png,/home/amir/Desktop/COGAR/COGAR_Foundation-Model-Segmentation-for-Robotic-Scenes/outputs/sam_box_prompt/visualizations/row_0005_object_5_sam_visualization.png,cuda,vit_b,345.0,291.0,0.8323845267295837,0.8804532577903683,/home/amir/Desktop/COGAR/COGAR_Foundation-Model-Segmentation-for-Robotic-Scenes/outputs/sam_point_prompt_batch/masks/row_0005_object_5_sam_point_mask.png,/home/amir/Desktop/COGAR/COGAR_Foundation-Model-Segmentation-for-Robotic-Scenes/outputs/sam_point_prompt_batch/visualizations/row_0005_object_5_sam_point_visualization.png,cuda,vit_b,-0.02336608985390265,0.02336608985390265,-0.15173256397247303,box
6,3,/mnt/Info/COGAR_DATASETs/OCID-dataset/YCB10/table/top/mixed/seq21/rgb/result_2018-08-24-13-14-40.png,/home/amir/Desktop/COGAR/COGAR_Foundation-Model-Segmentation-for-Robotic-Scenes/outputs/gt_binary_masks/00006_result_2018-08-24-13-14-40_obj3.png,result_2018-08-24-13-14-40.png,377.0,229.0,449.0,299.0,0.96452534198761,0.887278978388998,/home/amir/Desktop/COGAR/COGAR_Foundation-Model-Segmentation-for-Robotic-Scenes/outputs/sam_box_prompt/masks/row_0006_object_3_sam_mask.png,/home/amir/Desktop/COGAR/COGAR_Foundation-Model-Segmentation-for-Robotic-Scenes/outputs/sam_box_prompt/visualizations/row_0006_object_3_sam_visualization.png,cuda,vit_b,413.0,262.0,0.71304851770401,0.8464955577492597,/home/amir/Desktop/COGAR/COGAR_Foundation-Model-Segmentation-for-Robotic-Scenes/outputs/sam_point_prompt_batch/masks/row_0006_object_3_sam_point_mask.png,/home/amir/Desktop/COGAR/COGAR_Foundation-Model-Segmentation-for-Robotic-Scenes/outputs/sam_point_prompt_batch/visualizations/row_0006_object_3_sam_point_visualization.png,cuda,vit_b,-0.04078342063973839,0.04078342063973839,-0.25147682428359996,box
7,4,/mnt/Info/COGAR_DATASETs/OCID-dataset/YCB10/table/top/mixed/seq21/rgb/result_2018-08-24-13-14-40.png,/home/amir/Desktop/COGAR/COGAR_Foundation-Model-Segmentation-for-Robotic-Scenes/outputs/gt_binary_masks/00007_result_2018-08-24-13-14-40_obj4.png,result_2018-08-24-13-14-40.png,375.0,293.0,453.0,390.0,0.9587675333023072,0.8264462809917356,/home/amir/Desktop/COGAR/COGAR_Foundation-Model-Segmentation-for-Robotic-Scenes/outputs/sam_box_prompt/masks/row_0007_object_4_sam_mask.png,/home/amir/Desktop/COGAR/COGAR_Foundation-Model-Segmentation-for-Robotic-Scenes/outputs/sam_box_prompt/visualizations/row_0007_object_4_sam_visualization.png,cuda,vit_b,412.0,343.0,0.886701226234436,0.8297202797202797,/home/amir/Desktop/COGAR/COGAR_Foundation-Model-Segmentation-for-Robotic-Scenes/outputs/sam_point_prompt_batch/masks/row_0007_object_4_sam_point_mask.png,/home/amir/Desktop/COGAR/COGAR_Foundation-Model-Segmentation-for-Robotic-Scenes/outputs/sam_point_prompt_batch/visualizations/row_0007_object_4_sam_point_visualization.png,cuda,vit_b,0.0032739987285441696,0.0032739987285441696,-0.0720663070678712,point
8,5,/mnt/Info/COGAR_DATASETs/OCID-dataset/YCB10/table/top/mixed/seq21/rgb/result_2018-08-24-13-14-40.png,/home/amir/Desktop/COGAR/COGAR_Foundation-Model-Segmentation-for-Robotic-Scenes/outputs/gt_binary_masks/00008_result_2018-08-24-13-14-40_obj5.png,result_2018-08-24-13-14-40.png,317.0,255.0,377.0,331.0,0.978306233882904,0.9002535925612849,/home/amir/Desktop/COGAR/COGAR_Foundation-Model-Segmentation-for-Robotic-Scenes/outputs/sam_box_prompt/masks/row_0008_object_5_sam_mask.png,/home/amir/Desktop/COGAR/COGAR_Foundation-Model-Segmentation-for-Robotic-Scenes/outputs/sam_box_prompt/visualizations/row_0008_object_5_sam_visualization.png,cuda,vit_b,345.0,291.0,0.8371028304100037,0.7922453703703703,/home/amir/Desktop/COGAR/COGAR_Foundation-Model-Segmentation-for-Robotic-Scenes/outputs/sam_point_prompt_batch/masks/row_0008_object_5_sam_point_mask.png,/home/amir/Desktop/COGAR/COGAR_Foundation-Model-Segmentation-for-Robotic-Scenes/outputs/sam_point_prompt_batch/visualizations/row_0008_object_5_sam_point_visualization.png,cuda,vit_b,-0.10800822219091455,0.10800822219091455,-0.1412034034729004,box
9,6,/mnt/Info/COGAR_DATASETs/OCID-dataset/YCB10/table/top/mixed/seq21/rgb/result_2018-08-24-13-14-40.png,/home/amir/Desktop/COGAR/COGAR_Foundation-Model-Segmentation-for-Robotic-Scenes/outputs/gt_binary_masks/00009_result_2018-08-24-13-14-40_obj6.png,result_2018-08-24-13-14-40.png,316.0,324.0,399.0,405.0,0.972713828086853,0.8792719919110212,/home/amir/Desktop/COGAR/COGAR_Foundation-Model-Segmentation-for-Robotic-Scenes/outputs/sam_box_prompt/masks/row_0009_object_6_sam_mask.png,/home/amir/Desktop/COGAR/COGAR_Foundation-Model-Segmentation-for-Robotic-Scenes/outputs/sam_box_prompt/visualizations/row_0009_object_6_sam_visualization.png,cuda,vit_b,356.0,364.0,0.6109749674797058,0.6461065573770491,/home/amir/Desktop/COGAR/COGAR_Foundation-Model-Segmentation-for-Robotic-Scenes/outputs/sam_point_prompt_batch/masks/row_0009_object_6_sam_point_mask.png,/home/amir/Desktop/COGAR/COGAR_Foundation-Model-Segmentation-for-Robotic-Scenes/outputs/sam_point_prompt_batch/visualizations/row_0009_object_6_sam_point_visualization.png,cuda,vit_b,-0.2331654345339721,0.2331654345339721,-0.3617388606071472,box
10,3,/mnt/Info/COGAR_DATASETs/OCID-dataset/YCB10/table/top/mixed/seq21/rgb/result_2018-08-24-13-15-03.png,/home/amir/Desktop/COGAR/COGAR_Foundation-Model-Segmentation-for-Robotic-Scenes/outputs/gt_binary_masks/00010_result_2018-08-24-13-15-03_obj3.png,result_2018-08-24-13-15-03.png,377.0,229.0,449.0,299.0,0.9685869216918944,0.8867831651489048,/home/amir/Desktop/COGAR/COGAR_Foundation-Model-Segmentation-for-Robotic-Scenes/outputs/sam_box_prompt/masks/row_0010_object_3_sam_mask.png,/home/amir/Desktop/COGAR/COGAR_Foundation-Model-Segmentation-for-Robotic-Scenes/outputs/sam_box_prompt/visualizations/row_0010_object_3_sam_visualization.png,cuda,vit_b,413.0,262.0,0.7253724336624146,0.8642433234421365,/home/amir/Desktop/COGAR/COGAR_Foundation-Model-Segmentation-for-Robotic-Scenes/outputs/sam_point_prompt_batch/masks/row_0010_object_3_sam_point_mask.png,/home/amir/Desktop/COGAR/COGAR_Foundation-Model-Segmentation-for-Robotic-Scenes/outputs/sam_point_prompt_batch/visualizations/row_0010_object_3_sam_point_visualization.png,cuda,vit_b,-0.02253984170676826,0.02253984170676826,-0.24321448802947987,box
11,4,/mnt/Info/COGAR_DATASETs/OCID-dataset/YCB10/table/top/mixed/seq21/rgb/result_2018-08-24-13-15-03.png,/home/amir/Desktop/COGAR/COGAR_Foundation-Model-Segmentation-for-Robotic-Scenes/outputs/gt_binary_masks/00011_result_2018-08-24-13-15-03_obj4.png,result_2018-08-24-13-15-03.png,375.0,292.0,453.0,392.0,0.9584138989448548,0.8315527065527065,/home/amir/Desktop/COGAR/COGAR_Foundation-Model-Segmentation-for-Robotic-Scenes/outputs/sam_box_prompt/masks/row_0011_object_4_sam_mask.png,/home/amir/Desktop/COGAR/COGAR_Foundation-Model-Segmentation-for-Robotic-Scenes/outputs/sam_box_prompt/visualizations/row_0011_object_4_sam_visualization.png,cuda,vit_b,412.0,343.0,0.8803898096084595,0.8252595155709342,/home/amir/Desktop/COGAR/COGAR_Foundation-Model-Segmentation-for-Robotic-Scenes/outputs/sam_point_prompt_batch/masks/row_0011_object_4_sam_point_mask.png,/home/amir/Desktop/COGAR/COGAR_Foundation-Model-Segmentation-for-Robotic-Scenes/outputs/sam_point_prompt_batch/visualizations/row_0011_object_4_sam_point_visualization.png,cuda,vit_b,-0.006293190981772279,0.006293190981772279,-0.07802408933639537,box
12,5,/mnt/Info/COGAR_DATASETs/OCID-dataset/YCB10/table/top/mixed/seq21/rgb/result_2018-08-24-13-15-03.png,/home/amir/Desktop/COGAR/COGAR_Foundation-Model-Segmentation-for-Robotic-Scenes/outputs/gt_binary_masks/00012_result_2018-08-24-13-15-03_obj5.png,result_2018-08-24-13-15-03.png,317.0,256.0,377.0,332.0,0.9756227731704712,0.9009060022650056,/home/amir/Desktop/COGAR/COGAR_Foundation-Model-Segmentation-for-Robotic-Scenes/outputs/sam_box_prompt/masks/row_0012_object_5_sam_mask.png,/home/amir/Desktop/COGAR/COGAR_Foundation-Model-Segmentation-for-Robotic-Scenes/outputs/sam_box_prompt/visualizations/row_0012_object_5_sam_visualization.png,cuda,vit_b,345.0,291.0,0.8702402114868164,0.6908226908226909,/home/amir/Desktop/COGAR/COGAR_Foundation-Model-Segmentation-for-Robotic-Scenes/outputs/sam_point_prompt_batch/masks/row_0012_object_5_sam_point_mask.png,/home/amir/Desktop/COGAR/COGAR_Foundation-Model-Segmentation-for-Robotic-Scenes/outputs/sam_point_prompt_batch/visualizations/row_0012_object_5_sam_point_visualization.png,cuda,vit_b,-0.21008331144231474,0.21008331144231474,-0.10538256168365479,box
13,6,/mnt/Info/COGAR_DATASETs/OCID-dataset/YCB10/table/top/mixed/seq21/rgb/result_2018-08-24-13-15-03.png,/home/amir/Desktop/COGAR/COGAR_Foundation-Model-Segmentation-for-Robotic-Scenes/outputs/gt_binary_masks/00013_result_2018-08-24-13-15-03_obj6.png,result_2018-08-24-13-15-03.png,316.0,324.0,399.0,405.0,0.9724040031433104,0.8905522961764111,/home/amir/Desktop/COGAR/COGAR_Foundation-Model-Segmentation-for-Robotic-Scenes/outputs/sam_box_prompt/masks/row_0013_object_6_sam_mask.png,/home/amir/Desktop/COGAR/COGAR_Foundation-Model-Segmentation-for-Robotic-Scenes/outputs/sam_box_prompt/visualizations/row_0013_object_6_sam_visualization.png,cuda,vit_b,356.0,364.0,0.6643017530441284,0.6753937410513398,/home/amir/Desktop/COGAR/COGAR_Foundation-Model-Segmentation-for-Robotic-Scenes/outputs/sam_point_prompt_batch/masks/row_0013_object_6_sam_point_mask.png,/home/amir/Desktop/COGAR/COGAR_Foundation-Model-Segmentation-for-Robotic-Scenes/outputs/sam_point_prompt_batch/visualizations/row_0013_object_6_sam_point_visualization.png,cuda,vit_b,-0.21515855512507132,0.21515855512507132,-0.308102250099182,box
14,7,/mnt/Info/COGAR_DATASETs/OCID-dataset/YCB10/table/top/mixed/seq21/rgb/result_2018-08-24-13-15-03.png,/home/amir/Desktop/COGAR/COGAR_Foundation-Model-Segmentation-for-Robotic-Scenes/outputs/gt_binary_masks/00014_result_2018-08-24-13-15-03_obj7.png,result_2018-08-24-13-15-03.png,288.0,262.0,323.0,323.0,0.978222131729126,0.7902501603592046,/home/amir/Desktop/COGAR/COGAR_Foundation-Model-Segmentation-for-Robotic-Scenes/outputs/sam_box_prompt/masks/row_0014_object_7_sam_mask.png,/home/amir/Desktop/COGAR/COGAR_Foundation-Model-Segmentation-for-Robotic-Scenes/outputs/sam_box_prompt/visualizations/row_0014_object_7_sam_visualization.png,cuda,vit_b,305.0,292.0,0.7500104308128357,0.6457925636007827,/home/amir/Desktop/COGAR/COGAR_Foundation-Model-Segmentation-for-Robotic-Scenes/outputs/sam_point_prompt_batch/masks/row_0014_object_7_sam_point_mask.png,/home/amir/Desktop/COGAR/COGAR_Foundation-Model-Segmentation-for-Robotic-Scenes/outputs/sam_point_prompt_batch/visualizations/row_0014_object_7_sam_point_visualization.png,cuda,vit_b,-0.14445759675842185,0.14445759675842185,-0.22821170091629028,box
15,3,/mnt/Info/COGAR_DATASETs/OCID-dataset/YCB10/table/top/mixed/seq21/rgb/result_2018-08-24-13-15-42.png,/home/amir/Desktop/COGAR/COGAR_Foundation-Model-Segmentation-for-Robotic-Scenes/outputs/gt_binary_masks/00015_result_2018-08-24-13-15-42_obj3.png,result_2018-08-24-13-15-42.png,377.0,229.0,449.0,300.0,0.9669109582901,0.8857986709328083,/home/amir/Desktop/COGAR/COGAR_Foundation-Model-Segmentation-for-Robotic-Scenes/outputs/sam_box_prompt/masks/row_0015_object_3_sam_mask.png,/home/amir/Desktop/COGAR/COGAR_Foundation-Model-Segmentation-for-Robotic-Scenes/outputs/sam_box_prompt/visualizations/row_0015_object_3_sam_visualization.png,cuda,vit_b,413.0,263.0,0.6998023986816406,0.870919881305638,/home/amir/Desktop/COGAR/COGAR_Foundation-Model-Segmentation-for-Robotic-Scenes/outputs/sam_point_prompt_batch/masks/row_0015_object_3_sam_point_mask.png,/home/amir/Desktop/COGAR/COGAR_Foundation-Model-Segmentation-for-Robotic-Scenes/outputs/sam_point_prompt_batch/visualizations/row_0015_object_3_sam_point_visualization.png,cuda,vit_b,-0.014878789627170264,0.014878789627170264,-0.26710855960845936,box
16,4,/mnt/Info/COGAR_DATASETs/OCID-dataset/YCB10/table/top/mixed/seq21/rgb/result_2018-08-24-13-15-42.png,/home/amir/Desktop/COGAR/COGAR_Foundation-Model-Segmentation-for-Robotic-Scenes/outputs/gt_binary_masks/00016_result_2018-08-24-13-15-42_obj4.png,result_2018-08-24-13-15-42.png,375.0,293.0,453.0,390.0,0.956589937210083,0.825089605734767,/home/amir/Desktop/COGAR/COGAR_Foundation-Model-Segmentation-for-Robotic-Scenes/outputs/sam_box_prompt/masks/row_0016_object_4_sam_mask.png,/home/amir/Desktop/COGAR/COGAR_Foundation-Model-Segmentation-for-Robotic-Scenes/outputs/sam_box_prompt/visualizations/row_0016_object_4_sam_visualization.png,cuda,vit_b,412.0,343.0,0.8657563924789429,0.8314606741573034,/home/amir/Desktop/COGAR/COGAR_Foundation-Model-Segmentation-for-Robotic-Scenes/outputs/sam_point_prompt_batch/masks/row_0016_object_4_sam_point_mask.png,/home/amir/Desktop/COGAR/COGAR_Foundation-Model-Segmentation-for-Robotic-Scenes/outputs/sam_point_prompt_batch/visualizations/row_0016_object_4_sam_point_visualization.png,cuda,vit_b,0.00637106842253643,0.00637106842253643,-0.09083354473114014,point
17,5,/mnt/Info/COGAR_DATASETs/OCID-dataset/YCB10/table/top/mixed/seq21/rgb/result_2018-08-24-13-15-42.png,/home/amir/Desktop/COGAR/COGAR_Foundation-Model-Segmentation-for-Robotic-Scenes/outputs/gt_binary_masks/00017_result_2018-08-24-13-15-42_obj5.png,result_2018-08-24-13-15-42.png,317.0,255.0,378.0,333.0,0.972967803478241,0.9034988713318284,/home/amir/Desktop/COGAR/COGAR_Foundation-Model-Segmentation-for-Robotic-Scenes/outputs/sam_box_prompt/masks/row_0017_object_5_sam_mask.png,/home/amir/Desktop/COGAR/COGAR_Foundation-Model-Segmentation-for-Robotic-Scenes/outputs/sam_box_prompt/visualizations/row_0017_object_5_sam_visualization.png,cuda,vit_b,345.0,291.0,0.860249400138855,0.6808448225286008,/home/amir/Desktop/COGAR/COGAR_Foundation-Model-Segmentation-for-Robotic-Scenes/outputs/sam_point_prompt_batch/masks/row_0017_object_5_sam_point_mask.png,/home/amir/Desktop/COGAR/COGAR_Foundation-Model-Segmentation-for-Robotic-Scenes/outputs/sam_point_prompt_batch/visualizations/row_0017_object_5_sam_point_visualization.png,cuda,vit_b,-0.2226540488032276,0.2226540488032276,-0.11271840333938599,box
18,6,/mnt/Info/COGAR_DATASETs/OCID-dataset/YCB10/table/top/mixed/seq21/rgb/result_2018-08-24-13-15-42.png,/home/amir/Desktop/COGAR/COGAR_Foundation-Model-Segmentation-for-Robotic-Scenes/outputs/gt_binary_masks/00018_result_2018-08-24-13-15-42_obj6.png,result_2018-08-24-13-15-42.png,320.0,323.0,399.0,405.0,0.9626636505126952,0.8788364635822263,/home/amir/Desktop/COGAR/COGAR_Foundation-Model-Segmentation-for-Robotic-Scenes/outputs/sam_box_prompt/masks/row_0018_object_6_sam_mask.png,/home/amir/Desktop/COGAR/COGAR_Foundation-Model-Segmentation-for-Robotic-Scenes/outputs/sam_box_prompt/visualizations/row_0018_object_6_sam_visualization.png,cuda,vit_b,359.0,365.0,0.9030656814575196,0.818788855629749,/home/amir/Desktop/COGAR/COGAR_Foundation-Model-Segmentation-for-Robotic-Scenes/outputs/sam_point_prompt_batch/masks/row_0018_object_6_sam_point_mask.png,/home/amir/Desktop/COGAR/COGAR_Foundation-Model-Segmentation-for-Robotic-Scenes/outputs/sam_point_prompt_batch/visualizations/row_0018_object_6_sam_point_visualization.png,cuda,vit_b,-0.06004760795247732,0.06004760795247732,-0.05959796905517556,box
19,7,/mnt/Info/COGAR_DATASETs/OCID-dataset/YCB10/table/top/mixed/seq21/rgb/result_2018-08-24-13-15-42.png,/home/amir/Desktop/COGAR/COGAR_Foundation-Model-Segmentation-for-Robotic-Scenes/outputs/gt_binary_masks/00019_result_2018-08-24-13-15-42_obj7.png,result_2018-08-24-13-15-42.png,288.0,263.0,323.0,323.0,0.9787598848342896,0.7396825396825397,/home/amir/Desktop/COGAR/COGAR_Foundation-Model-Segmentation-for-Robotic-Scenes/outputs/sam_box_prompt/masks/row_0019_object_7_sam_mask.png,/home/amir/Desktop/COGAR/COGAR_Foundation-Model-Segmentation-for-Robotic-Scenes/outputs/sam_box_prompt/visualizations/row_0019_object_7_sam_visualization.png,cuda,vit_b,306.0,293.0,0.7568142414093018,0.5936280884265279,/home/amir/Desktop/COGAR/COGAR_Foundation-Model-Segmentation-for-Robotic-Scenes/outputs/sam_point_prompt_batch/masks/row_0019_object_7_sam_point_mask.png,/home/amir/Desktop/COGAR/COGAR_Foundation-Model-Segmentation-for-Robotic-Scenes/outputs/sam_point_prompt_batch/visualizations/row_0019_object_7_sam_point_visualization.png,cuda,vit_b,-0.1460544512560118,0.1460544512560118,-0.2219456434249878,box
20,8,/mnt/Info/COGAR_DATASETs/OCID-dataset/YCB10/table/top/mixed/seq21/rgb/result_2018-08-24-13-15-42.png,/home/amir/Desktop/COGAR/COGAR_Foundation-Model-Segmentation-for-Robotic-Scenes/outputs/gt_binary_masks/00020_result_2018-08-24-13-15-42_obj8.png,result_2018-08-24-13-15-42.png,263.0,334.0,345.0,397.0,0.951528012752533,0.7963917525773195,/home/amir/Desktop/COGAR/COGAR_Foundation-Model-Segmentation-for-Robotic-Scenes/outputs/sam_box_prompt/masks/row_0020_object_8_sam_mask.png,/home/amir/Desktop/COGAR/COGAR_Foundation-Model-Segmentation-for-Robotic-Scenes/outputs/sam_box_prompt/visualizations/row_0020_object_8_sam_visualization.png,cuda,vit_b,303.0,363.0,0.5702335238456726,0.7496647295485025,/home/amir/Desktop/COGAR/COGAR_Foundation-Model-Segmentation-for-Robotic-Scenes/outputs/sam_point_prompt_batch/masks/row_0020_object_8_sam_point_mask.png,/home/amir/Desktop/COGAR/COGAR_Foundation-Model-Segmentation-for-Robotic-Scenes/outputs/sam_point_prompt_batch/visualizations/row_0020_object_8_sam_point_visualization.png,cuda,vit_b,-0.04672702302881704,0.04672702302881704,-0.38129448890686035,box
21,3,/mnt/Info/COGAR_DATASETs/OCID-dataset/YCB10/table/top/mixed/seq21/rgb/result_2018-08-24-13-16-33.png,/home/amir/Desktop/COGAR/COGAR_Foundation-Model-Segmentation-for-Robotic-Scenes/outputs/gt_binary_masks/00021_result_2018-08-24-13-16-33_obj3.png,result_2018-08-24-13-16-33.png,377.0,228.0,449.0,300.0,0.9764890670776368,0.889079754601227,/home/amir/Desktop/COGAR/COGAR_Foundation-Model-Segmentation-for-Robotic-Scenes/outputs/sam_box_prompt/masks/row_0021_object_3_sam_mask.png,/home/amir/Desktop/COGAR/COGAR_Foundation-Model-Segmentation-for-Robotic-Scenes/outputs/sam_box_prompt/visualizations/row_0021_object_3_sam_visualization.png,cuda,vit_b,413.0,263.0,0.7363666296005249,0.8799605619916194,/home/amir/Desktop/COGAR/COGAR_Foundation-Model-Segmentation-for-Robotic-Scenes/outputs/sam_point_prompt_batch/masks/row_0021_object_3_sam_point_mask.png,/home/amir/Desktop/COGAR/COGAR_Foundation-Model-Segmentation-for-Robotic-Scenes/outputs/sam_point_prompt_batch/visualizations/row_0021_object_3_sam_point_visualization.png,cuda,vit_b,-0.009119192609607585,0.009119192609607585,-0.24012243747711193,box
22,4,/mnt/Info/COGAR_DATASETs/OCID-dataset/YCB10/table/top/mixed/seq21/rgb/result_2018-08-24-13-16-33.png,/home/amir/Desktop/COGAR/COGAR_Foundation-Model-Segmentation-for-Robotic-Scenes/outputs/gt_binary_masks/00022_result_2018-08-24-13-16-33_obj4.png,result_2018-08-24-13-16-33.png,375.0,292.0,453.0,391.0,0.954628050327301,0.8249554367201426,/home/amir/Desktop/COGAR/COGAR_Foundation-Model-Segmentation-for-Robotic-Scenes/outputs/sam_box_prompt/masks/row_0022_object_4_sam_mask.png,/home/amir/Desktop/COGAR/COGAR_Foundation-Model-Segmentation-for-Robotic-Scenes/outputs/sam_box_prompt/visualizations/row_0022_object_4_sam_visualization.png,cuda,vit_b,412.0,343.0,0.847494900226593,0.826208829712684,/home/amir/Desktop/COGAR/COGAR_Foundation-Model-Segmentation-for-Robotic-Scenes/outputs/sam_point_prompt_batch/masks/row_0022_object_4_sam_point_mask.png,/home/amir/Desktop/COGAR/COGAR_Foundation-Model-Segmentation-for-Robotic-Scenes/outputs/sam_point_prompt_batch/visualizations/row_0022_object_4_sam_point_visualization.png,cuda,vit_b,0.0012533929925413467,0.0012533929925413467,-0.10713315010070801,point
23,5,/mnt/Info/COGAR_DATASETs/OCID-dataset/YCB10/table/top/mixed/seq21/rgb/result_2018-08-24-13-16-33.png,/home/amir/Desktop/COGAR/COGAR_Foundation-Model-Segmentation-for-Robotic-Scenes/outputs/gt_binary_masks/00023_result_2018-08-24-13-16-33_obj5.png,result_2018-08-24-13-16-33.png,317.0,256.0,377.0,334.0,0.9689454436302184,0.9126103045829776,/home/amir/Desktop/COGAR/COGAR_Foundation-Model-Segmentation-for-Robotic-Scenes/outputs/sam_box_prompt/masks/row_0023_object_5_sam_mask.png,/home/amir/Desktop/COGAR/COGAR_Foundation-Model-Segmentation-for-Robotic-Scenes/outputs/sam_box_prompt/visualizations/row_0023_object_5_sam_visualization.png,cuda,vit_b,345.0,291.0,0.8888503313064575,0.6796372147454652,/home/amir/Desktop/COGAR/COGAR_Foundation-Model-Segmentation-for-Robotic-Scenes/outputs/sam_point_prompt_batch/masks/row_0023_object_5_sam_point_mask.png,/home/amir/Desktop/COGAR/COGAR_Foundation-Model-Segmentation-for-Robotic-Scenes/outputs/sam_point_prompt_batch/visualizations/row_0023_object_5_sam_point_visualization.png,cuda,vit_b,-0.23297308983751241,0.23297308983751241,-0.08009511232376088,box
24,6,/mnt/Info/COGAR_DATASETs/OCID-dataset/YCB10/table/top/mixed/seq21/rgb/result_2018-08-24-13-16-33.png,/home/amir/Desktop/COGAR/COGAR_Foundation-Model-Segmentation-for-Robotic-Scenes/outputs/gt_binary_masks/00024_result_2018-08-24-13-16-33_obj6.png,result_2018-08-24-13-16-33.png,320.0,323.0,399.0,405.0,0.9311341047286988,0.8610435252771019,/home/amir/Desktop/COGAR/COGAR_Foundation-Model-Segmentation-for-Robotic-Scenes/outputs/sam_box_prompt/masks/row_0024_object_6_sam_mask.png,/home/amir/Desktop/COGAR/COGAR_Foundation-Model-Segmentation-for-Robotic-Scenes/outputs/sam_box_prompt/visualizations/row_0024_object_6_sam_visualization.png,cuda,vit_b,357.0,370.0,0.9220956563949584,0.828307525129041,/home/amir/Desktop/COGAR/COGAR_Foundation-Model-Segmentation-for-Robotic-Scenes/outputs/sam_point_prompt_batch/masks/row_0024_object_6_sam_point_mask.png,/home/amir/Desktop/COGAR/COGAR_Foundation-Model-Segmentation-for-Robotic-Scenes/outputs/sam_point_prompt_batch/visualizations/row_0024_object_6_sam_point_visualization.png,cuda,vit_b,-0.032736000148060884,0.032736000148060884,-0.009038448333740456,box
25,7,/mnt/Info/COGAR_DATASETs/OCID-dataset/YCB10/table/top/mixed/seq21/rgb/result_2018-08-24-13-16-33.png,/home/amir/Desktop/COGAR/COGAR_Foundation-Model-Segmentation-for-Robotic-Scenes/outputs/gt_binary_masks/00025_result_2018-08-24-13-16-33_obj7.png,result_2018-08-24-13-16-33.png,288.0,263.0,323.0,323.0,0.9785017371177672,0.7705022250476796,/home/amir/Desktop/COGAR/COGAR_Foundation-Model-Segmentation-for-Robotic-Scenes/outputs/sam_box_prompt/masks/row_0025_object_7_sam_mask.png,/home/amir/Desktop/COGAR/COGAR_Foundation-Model-Segmentation-for-Robotic-Scenes/outputs/sam_box_prompt/visualizations/row_0025_object_7_sam_visualization.png,cuda,vit_b,306.0,293.0,0.7380989789962769,0.6578094620868438,/home/amir/Desktop/COGAR/COGAR_Foundation-Model-Segmentation-for-Robotic-Scenes/outputs/sam_point_prompt_batch/masks/row_0025_object_7_sam_point_mask.png,/home/amir/Desktop/COGAR/COGAR_Foundation-Model-Segmentation-for-Robotic-Scenes/outputs/sam_point_prompt_batch/visualizations/row_0025_object_7_sam_point_visualization.png,cuda,vit_b,-0.11269276296083586,0.11269276296083586,-0.24040275812149037,box
26,8,/mnt/Info/COGAR_DATASETs/OCID-dataset/YCB10/table/top/mixed/seq21/rgb/result_2018-08-24-13-16-33.png,/home/amir/Desktop/COGAR/COGAR_Foundation-Model-Segmentation-for-Robotic-Scenes/outputs/gt_binary_masks/00026_result_2018-08-24-13-16-33_obj8.png,result_2018-08-24-13-16-33.png,263.0,334.0,345.0,397.0,0.9511518478393556,0.8090909090909091,/home/amir/Desktop/COGAR/COGAR_Foundation-Model-Segmentation-for-Robotic-Scenes/outputs/sam_box_prompt/masks/row_0026_object_8_sam_mask.png,/home/amir/Desktop/COGAR/COGAR_Foundation-Model-Segmentation-for-Robotic-Scenes/outputs/sam_box_prompt/visualizations/row_0026_object_8_sam_visualization.png,cuda,vit_b,304.0,363.0,0.5845404863357544,0.7446904654315409,/home/amir/Desktop/COGAR/COGAR_Foundation-Model-Segmentation-for-Robotic-Scenes/outputs/sam_point_prompt_batch/masks/row_0026_object_8_sam_point_mask.png,/home/amir/Desktop/COGAR/COGAR_Foundation-Model-Segmentation-for-Robotic-Scenes/outputs/sam_point_prompt_batch/visualizations/row_0026_object_8_sam_point_visualization.png,cuda,vit_b,-0.06440044365936815,0.06440044365936815,-0.3666113615036012,box
27,9,/mnt/Info/COGAR_DATASETs/OCID-dataset/YCB10/table/top/mixed/seq21/rgb/result_2018-08-24-13-16-33.png,/home/amir/Desktop/COGAR/COGAR_Foundation-Model-Segmentation-for-Robotic-Scenes/outputs/gt_binary_masks/00027_result_2018-08-24-13-16-33_obj9.png,result_2018-08-24-13-16-33.png,355.0,320.0,384.0,352.0,0.9650706052780152,0.8779527559055118,/home/amir/Desktop/COGAR/COGAR_Foundation-Model-Segmentation-for-Robotic-Scenes/outputs/sam_box_prompt/masks/row_0027_object_9_sam_mask.png,/home/amir/Desktop/COGAR/COGAR_Foundation-Model-Segmentation-for-Robotic-Scenes/outputs/sam_box_prompt/visualizations/row_0027_object_9_sam_visualization.png,cuda,vit_b,369.0,336.0,0.944663405418396,0.8805774278215223,/home/amir/Desktop/COGAR/COGAR_Foundation-Model-Segmentation-for-Robotic-Scenes/outputs/sam_point_prompt_batch/masks/row_0027_object_9_sam_point_mask.png,/home/amir/Desktop/COGAR/COGAR_Foundation-Model-Segmentation-for-Robotic-Scenes/outputs/sam_point_prompt_batch/visualizations/row_0027_object_9_sam_point_visualization.png,cuda,vit_b,0.002624671916010457,0.002624671916010457,-0.02040719985961925,point
28,3,/mnt/Info/COGAR_DATASETs/OCID-dataset/YCB10/table/top/mixed/seq21/rgb/result_2018-08-24-13-16-51.png,/home/amir/Desktop/COGAR/COGAR_Foundation-Model-Segmentation-for-Robotic-Scenes/outputs/gt_binary_masks/00028_result_2018-08-24-13-16-51_obj3.png,result_2018-08-24-13-16-51.png,377.0,229.0,449.0,300.0,0.9696305394172668,0.8847948906902481,/home/amir/Desktop/COGAR/COGAR_Foundation-Model-Segmentation-for-Robotic-Scenes/outputs/sam_box_prompt/masks/row_0028_object_3_sam_mask.png,/home/amir/Desktop/COGAR/COGAR_Foundation-Model-Segmentation-for-Robotic-Scenes/outputs/sam_box_prompt/visualizations/row_0028_object_3_sam_visualization.png,cuda,vit_b,413.0,263.0,0.7673799395561218,0.8784816366773478,/home/amir/Desktop/COGAR/COGAR_Foundation-Model-Segmentation-for-Robotic-Scenes/outputs/sam_point_prompt_batch/masks/row_0028_object_3_sam_point_mask.png,/home/amir/Desktop/COGAR/COGAR_Foundation-Model-Segmentation-for-Robotic-Scenes/outputs/sam_point_prompt_batch/visualizations/row_0028_object_3_sam_point_visualization.png,cuda,vit_b,-0.006313254012900282,0.006313254012900282,-0.20225059986114502,box
29,4,/mnt/Info/COGAR_DATASETs/OCID-dataset/YCB10/table/top/mixed/seq21/rgb/result_2018-08-24-13-16-51.png,/home/amir/Desktop/COGAR/COGAR_Foundation-Model-Segmentation-for-Robotic-Scenes/outputs/gt_binary_masks/00029_result_2018-08-24-13-16-51_obj4.png,result_2018-08-24-13-16-51.png,375.0,293.0,453.0,390.0,0.9547917246818542,0.8235085227272727,/home/amir/Desktop/COGAR/COGAR_Foundation-Model-Segmentation-for-Robotic-Scenes/outputs/sam_box_prompt/masks/row_0029_object_4_sam_mask.png,/home/amir/Desktop/COGAR/COGAR_Foundation-Model-Segmentation-for-Robotic-Scenes/outputs/sam_box_prompt/visualizations/row_0029_object_4_sam_visualization.png,cuda,vit_b,412.0,343.0,0.8531215190887451,0.8241451500348919,/home/amir/Desktop/COGAR/COGAR_Foundation-Model-Segmentation-for-Robotic-Scenes/outputs/sam_point_prompt_batch/masks/row_0029_object_4_sam_point_mask.png,/home/amir/Desktop/COGAR/COGAR_Foundation-Model-Segmentation-for-Robotic-Scenes/outputs/sam_point_prompt_batch/visualizations/row_0029_object_4_sam_point_visualization.png,cuda,vit_b,0.0006366273076191531,0.0006366273076191531,-0.10167020559310913,point
30,5,/mnt/Info/COGAR_DATASETs/OCID-dataset/YCB10/table/top/mixed/seq21/rgb/result_2018-08-24-13-16-51.png,/home/amir/Desktop/COGAR/COGAR_Foundation-Model-Segmentation-for-Robotic-Scenes/outputs/gt_binary_masks/00030_result_2018-08-24-13-16-51_obj5.png,result_2018-08-24-13-16-51.png,317.0,255.0,378.0,333.0,0.9668061137199402,0.9005399261153737,/home/amir/Desktop/COGAR/COGAR_Foundation-Model-Segmentation-for-Robotic-Scenes/outputs/sam_box_prompt/masks/row_0030_object_5_sam_mask.png,/home/amir/Desktop/COGAR/COGAR_Foundation-Model-Segmentation-for-Robotic-Scenes/outputs/sam_box_prompt/visualizations/row_0030_object_5_sam_visualization.png,cuda,vit_b,345.0,291.0,0.8995764851570129,0.67968291250734,/home/amir/Desktop/COGAR/COGAR_Foundation-Model-Segmentation-for-Robotic-Scenes/outputs/sam_point_prompt_batch/masks/row_0030_object_5_sam_point_mask.png,/home/amir/Desktop/COGAR/COGAR_Foundation-Model-Segmentation-for-Robotic-Scenes/outputs/sam_point_prompt_batch/visualizations/row_0030_object_5_sam_point_visualization.png,cuda,vit_b,-0.22085701360803367,0.22085701360803367,-0.06722962856292725,box
31,6,/mnt/Info/COGAR_DATASETs/OCID-dataset/YCB10/table/top/mixed/seq21/rgb/result_2018-08-24-13-16-51.png,/home/amir/Desktop/COGAR/COGAR_Foundation-Model-Segmentation-for-Robotic-Scenes/outputs/gt_binary_masks/00031_result_2018-08-24-13-16-51_obj6.png,result_2018-08-24-13-16-51.png,319.0,322.0,399.0,405.0,0.9556216597557068,0.8128734383487235,/home/amir/Desktop/COGAR/COGAR_Foundation-Model-Segmentation-for-Robotic-Scenes/outputs/sam_box_prompt/masks/row_0031_object_6_sam_mask.png,/home/amir/Desktop/COGAR/COGAR_Foundation-Model-Segmentation-for-Robotic-Scenes/outputs/sam_box_prompt/visualizations/row_0031_object_6_sam_visualization.png,cuda,vit_b,357.0,369.0,0.9430619478225708,0.8005968529571351,/home/amir/Desktop/COGAR/COGAR_Foundation-Model-Segmentation-for-Robotic-Scenes/outputs/sam_point_prompt_batch/masks/row_0031_object_6_sam_point_mask.png,/home/amir/Desktop/COGAR/COGAR_Foundation-Model-Segmentation-for-Robotic-Scenes/outputs/sam_point_prompt_batch/visualizations/row_0031_object_6_sam_point_visualization.png,cuda,vit_b,-0.01227658539158838,0.01227658539158838,-0.012559711933135986,box
32,7,/mnt/Info/COGAR_DATASETs/OCID-dataset/YCB10/table/top/mixed/seq21/rgb/result_2018-08-24-13-16-51.png,/home/amir/Desktop/COGAR/COGAR_Foundation-Model-Segmentation-for-Robotic-Scenes/outputs/gt_binary_masks/00032_result_2018-08-24-13-16-51_obj7.png,result_2018-08-24-13-16-51.png,288.0,263.0,323.0,323.0,0.978938102722168,0.7954110898661568,/home/amir/Desktop/COGAR/COGAR_Foundation-Model-Segmentation-for-Robotic-Scenes/outputs/sam_box_prompt/masks/row_0032_object_7_sam_mask.png,/home/amir/Desktop/COGAR/COGAR_Foundation-Model-Segmentation-for-Robotic-Scenes/outputs/sam_box_prompt/visualizations/row_0032_object_7_sam_visualization.png,cuda,vit_b,305.0,293.0,0.758176326751709,0.606278613472858,/home/amir/Desktop/COGAR/COGAR_Foundation-Model-Segmentation-for-Robotic-Scenes/outputs/sam_point_prompt_batch/masks/row_0032_object_7_sam_point_mask.png,/home/amir/Desktop/COGAR/COGAR_Foundation-Model-Segmentation-for-Robotic-Scenes/outputs/sam_point_prompt_batch/visualizations/row_0032_object_7_sam_point_visualization.png,cuda,vit_b,-0.18913247639329878,0.18913247639329878,-0.22076177597045898,box
33,8,/mnt/Info/COGAR_DATASETs/OCID-dataset/YCB10/table/top/mixed/seq21/rgb/result_2018-08-24-13-16-51.png,/home/amir/Desktop/COGAR/COGAR_Foundation-Model-Segmentation-for-Robotic-Scenes/outputs/gt_binary_masks/00033_result_2018-08-24-13-16-51_obj8.png,result_2018-08-24-13-16-51.png,263.0,334.0,345.0,397.0,0.9497138261795044,0.7962727657772131,/home/amir/Desktop/COGAR/COGAR_Foundation-Model-Segmentation-for-Robotic-Scenes/outputs/sam_box_prompt/masks/row_0033_object_8_sam_mask.png,/home/amir/Desktop/COGAR/COGAR_Foundation-Model-Segmentation-for-Robotic-Scenes/outputs/sam_box_prompt/visualizations/row_0033_object_8_sam_visualization.png,cuda,vit_b,304.0,363.0,0.7283017039299011,0.795901296528649,/home/amir/Desktop/COGAR/COGAR_Foundation-Model-Segmentation-for-Robotic-Scenes/outputs/sam_point_prompt_batch/masks/row_0033_object_8_sam_point_mask.png,/home/amir/Desktop/COGAR/COGAR_Foundation-Model-Segmentation-for-Robotic-Scenes/outputs/sam_point_prompt_batch/visualizations/row_0033_object_8_sam_point_visualization.png,cuda,vit_b,-0.00037146924856401586,0.00037146924856401586,-0.22141212224960327,box
34,9,/mnt/Info/COGAR_DATASETs/OCID-dataset/YCB10/table/top/mixed/seq21/rgb/result_2018-08-24-13-16-51.png,/home/amir/Desktop/COGAR/COGAR_Foundation-Model-Segmentation-for-Robotic-Scenes/outputs/gt_binary_masks/00034_result_2018-08-24-13-16-51_obj9.png,result_2018-08-24-13-16-51.png,355.0,320.0,384.0,352.0,0.9647194743156432,0.8681462140992167,/home/amir/Desktop/COGAR/COGAR_Foundation-Model-Segmentation-for-Robotic-Scenes/outputs/sam_box_prompt/masks/row_0034_object_9_sam_mask.png,/home/amir/Desktop/COGAR/COGAR_Foundation-Model-Segmentation-for-Robotic-Scenes/outputs/sam_box_prompt/visualizations/row_0034_object_9_sam_visualization.png,cuda,vit_b,369.0,337.0,0.9398496747016908,0.8697916666666666,/home/amir/Desktop/COGAR/COGAR_Foundation-Model-Segmentation-for-Robotic-Scenes/outputs/sam_point_prompt_batch/masks/row_0034_object_9_sam_point_mask.png,/home/amir/Desktop/COGAR/COGAR_Foundation-Model-Segmentation-for-Robotic-Scenes/outputs/sam_point_prompt_batch/visualizations/row_0034_object_9_sam_point_visualization.png,cuda,vit_b,0.0016454525674499676,0.0016454525674499676,-0.024869799613952415,point
35,10,/mnt/Info/COGAR_DATASETs/OCID-dataset/YCB10/table/top/mixed/seq21/rgb/result_2018-08-24-13-16-51.png,/home/amir/Desktop/COGAR/COGAR_Foundation-Model-Segmentation-for-Robotic-Scenes/outputs/gt_binary_masks/00035_result_2018-08-24-13-16-51_obj10.png,result_2018-08-24-13-16-51.png,297.0,386.0,334.0,428.0,0.9717907905578612,0.8855967078189301,/home/amir/Desktop/COGAR/COGAR_Foundation-Model-Segmentation-for-Robotic-Scenes/outputs/sam_box_prompt/masks/row_0035_object_10_sam_mask.png,/home/amir/Desktop/COGAR/COGAR_Foundation-Model-Segmentation-for-Robotic-Scenes/outputs/sam_box_prompt/visualizations/row_0035_object_10_sam_visualization.png,cuda,vit_b,314.0,408.0,0.8272957801818848,0.1056277056277056,/home/amir/Desktop/COGAR/COGAR_Foundation-Model-Segmentation-for-Robotic-Scenes/outputs/sam_point_prompt_batch/masks/row_0035_object_10_sam_point_mask.png,/home/amir/Desktop/COGAR/COGAR_Foundation-Model-Segmentation-for-Robotic-Scenes/outputs/sam_point_prompt_batch/visualizations/row_0035_object_10_sam_point_visualization.png,cuda,vit_b,-0.7799690021912244,0.7799690021912244,-0.14449501037597645,box
36,3,/mnt/Info/COGAR_DATASETs/OCID-dataset/YCB10/table/top/mixed/seq21/rgb/result_2018-08-24-13-17-53.png,/home/amir/Desktop/COGAR/COGAR_Foundation-Model-Segmentation-for-Robotic-Scenes/outputs/gt_binary_masks/00036_result_2018-08-24-13-17-53_obj3.png,result_2018-08-24-13-17-53.png,377.0,228.0,449.0,300.0,0.9757323265075684,0.8868989205103042,/home/amir/Desktop/COGAR/COGAR_Foundation-Model-Segmentation-for-Robotic-Scenes/outputs/sam_box_prompt/masks/row_0036_object_3_sam_mask.png,/home/amir/Desktop/COGAR/COGAR_Foundation-Model-Segmentation-for-Robotic-Scenes/outputs/sam_box_prompt/visualizations/row_0036_object_3_sam_visualization.png,cuda,vit_b,413.0,262.0,0.7562658786773682,0.8825990647304947,/home/amir/Desktop/COGAR/COGAR_Foundation-Model-Segmentation-for-Robotic-Scenes/outputs/sam_point_prompt_batch/masks/row_0036_object_3_sam_point_mask.png,/home/amir/Desktop/COGAR/COGAR_Foundation-Model-Segmentation-for-Robotic-Scenes/outputs/sam_point_prompt_batch/visualizations/row_0036_object_3_sam_point_visualization.png,cuda,vit_b,-0.004299855779809514,0.004299855779809514,-0.2194664478302002,box
37,4,/mnt/Info/COGAR_DATASETs/OCID-dataset/YCB10/table/top/mixed/seq21/rgb/result_2018-08-24-13-17-53.png,/home/amir/Desktop/COGAR/COGAR_Foundation-Model-Segmentation-for-Robotic-Scenes/outputs/gt_binary_masks/00037_result_2018-08-24-13-17-53_obj4.png,result_2018-08-24-13-17-53.png,375.0,293.0,453.0,390.0,0.953865885734558,0.809456096693921,/home/amir/Desktop/COGAR/COGAR_Foundation-Model-Segmentation-for-Robotic-Scenes/outputs/sam_box_prompt/masks/row_0037_object_4_sam_mask.png,/home/amir/Desktop/COGAR/COGAR_Foundation-Model-Segmentation-for-Robotic-Scenes/outputs/sam_box_prompt/visualizations/row_0037_object_4_sam_visualization.png,cuda,vit_b,412.0,344.0,0.818395733833313,0.8127196064652144,/home/amir/Desktop/COGAR/COGAR_Foundation-Model-Segmentation-for-Robotic-Scenes/outputs/sam_point_prompt_batch/masks/row_0037_object_4_sam_point_mask.png,/home/amir/Desktop/COGAR/COGAR_Foundation-Model-Segmentation-for-Robotic-Scenes/outputs/sam_point_prompt_batch/visualizations/row_0037_object_4_sam_point_visualization.png,cuda,vit_b,0.0032635097712933048,0.0032635097712933048,-0.135470151901245,point
38,5,/mnt/Info/COGAR_DATASETs/OCID-dataset/YCB10/table/top/mixed/seq21/rgb/result_2018-08-24-13-17-53.png,/home/amir/Desktop/COGAR/COGAR_Foundation-Model-Segmentation-for-Robotic-Scenes/outputs/gt_binary_masks/00038_result_2018-08-24-13-17-53_obj5.png,result_2018-08-24-13-17-53.png,317.0,255.0,377.0,333.0,0.9679118990898132,0.9094007384265832,/home/amir/Desktop/COGAR/COGAR_Foundation-Model-Segmentation-for-Robotic-Scenes/outputs/sam_box_prompt/masks/row_0038_object_5_sam_mask.png,/home/amir/Desktop/COGAR/COGAR_Foundation-Model-Segmentation-for-Robotic-Scenes/outputs/sam_box_prompt/visualizations/row_0038_object_5_sam_visualization.png,cuda,vit_b,345.0,291.0,0.8885769248008728,0.6800116890707188,/home/amir/Desktop/COGAR/COGAR_Foundation-Model-Segmentation-for-Robotic-Scenes/outputs/sam_point_prompt_batch/masks/row_0038_object_5_sam_point_mask.png,/home/amir/Desktop/COGAR/COGAR_Foundation-Model-Segmentation-for-Robotic-Scenes/outputs/sam_point_prompt_batch/visualizations/row_0038_object_5_sam_point_visualization.png,cuda,vit_b,-0.22938904935586435,0.22938904935586435,-0.07933497428894043,box
39,6,/mnt/Info/COGAR_DATASETs/OCID-dataset/YCB10/table/top/mixed/seq21/rgb/result_2018-08-24-13-17-53.png,/home/amir/Desktop/COGAR/COGAR_Foundation-Model-Segmentation-for-Robotic-Scenes/outputs/gt_binary_masks/00039_result_2018-08-24-13-17-53_obj6.png,result_2018-08-24-13-17-53.png,321.0,324.0,399.0,406.0,0.91012442111969,0.77442218798151,/home/amir/Desktop/COGAR/COGAR_Foundation-Model-Segmentation-for-Robotic-Scenes/outputs/sam_box_prompt/masks/row_0039_object_6_sam_mask.png,/home/amir/Desktop/COGAR/COGAR_Foundation-Model-Segmentation-for-Robotic-Scenes/outputs/sam_box_prompt/visualizations/row_0039_object_6_sam_visualization.png,cuda,vit_b,360.0,370.0,0.8212968111038208,0.7403583358639538,/home/amir/Desktop/COGAR/COGAR_Foundation-Model-Segmentation-for-Robotic-Scenes/outputs/sam_point_prompt_batch/masks/row_0039_object_6_sam_point_mask.png,/home/amir/Desktop/COGAR/COGAR_Foundation-Model-Segmentation-for-Robotic-Scenes/outputs/sam_point_prompt_batch/visualizations/row_0039_object_6_sam_point_visualization.png,cuda,vit_b,-0.03406385211755614,0.03406385211755614,-0.08882761001586925,box
40,7,/mnt/Info/COGAR_DATASETs/OCID-dataset/YCB10/table/top/mixed/seq21/rgb/result_2018-08-24-13-17-53.png,/home/amir/Desktop/COGAR/COGAR_Foundation-Model-Segmentation-for-Robotic-Scenes/outputs/gt_binary_masks/00040_result_2018-08-24-13-17-53_obj7.png,result_2018-08-24-13-17-53.png,288.0,262.0,323.0,323.0,0.978617250919342,0.7440970006381621,/home/amir/Desktop/COGAR/COGAR_Foundation-Model-Segmentation-for-Robotic-Scenes/outputs/sam_box_prompt/masks/row_0040_object_7_sam_mask.png,/home/amir/Desktop/COGAR/COGAR_Foundation-Model-Segmentation-for-Robotic-Scenes/outputs/sam_box_prompt/visualizations/row_0040_object_7_sam_visualization.png,cuda,vit_b,306.0,293.0,0.7523792386054993,0.6755009696186167,/home/amir/Desktop/COGAR/COGAR_Foundation-Model-Segmentation-for-Robotic-Scenes/outputs/sam_point_prompt_batch/masks/row_0040_object_7_sam_point_mask.png,/home/amir/Desktop/COGAR/COGAR_Foundation-Model-Segmentation-for-Robotic-Scenes/outputs/sam_point_prompt_batch/visualizations/row_0040_object_7_sam_point_visualization.png,cuda,vit_b,-0.06859603101954537,0.06859603101954537,-0.22623801231384277,box
41,8,/mnt/Info/COGAR_DATASETs/OCID-dataset/YCB10/table/top/mixed/seq21/rgb/result_2018-08-24-13-17-53.png,/home/amir/Desktop/COGAR/COGAR_Foundation-Model-Segmentation-for-Robotic-Scenes/outputs/gt_binary_masks/00041_result_2018-08-24-13-17-53_obj8.png,result_2018-08-24-13-17-53.png,263.0,334.0,345.0,397.0,0.9513364434242249,0.8033064857990674,/home/amir/Desktop/COGAR/COGAR_Foundation-Model-Segmentation-for-Robotic-Scenes/outputs/sam_box_prompt/masks/row_0041_object_8_sam_mask.png,/home/amir/Desktop/COGAR/COGAR_Foundation-Model-Segmentation-for-Robotic-Scenes/outputs/sam_box_prompt/visualizations/row_0041_object_8_sam_visualization.png,cuda,vit_b,304.0,364.0,0.790850818157196,0.8079664570230608,/home/amir/Desktop/COGAR/COGAR_Foundation-Model-Segmentation-for-Robotic-Scenes/outputs/sam_point_prompt_batch/masks/row_0041_object_8_sam_point_mask.png,/home/amir/Desktop/COGAR/COGAR_Foundation-Model-Segmentation-for-Robotic-Scenes/outputs/sam_point_prompt_batch/visualizations/row_0041_object_8_sam_point_visualization.png,cuda,vit_b,0.00465997122399342,0.00465997122399342,-0.1604856252670288,point
42,9,/mnt/Info/COGAR_DATASETs/OCID-dataset/YCB10/table/top/mixed/seq21/rgb/result_2018-08-24-13-17-53.png,/home/amir/Desktop/COGAR/COGAR_Foundation-Model-Segmentation-for-Robotic-Scenes/outputs/gt_binary_masks/00042_result_2018-08-24-13-17-53_obj9.png,result_2018-08-24-13-17-53.png,355.0,320.0,384.0,352.0,0.9650790691375732,0.8805774278215223,/home/amir/Desktop/COGAR/COGAR_Foundation-Model-Segmentation-for-Robotic-Scenes/outputs/sam_box_prompt/masks/row_0042_object_9_sam_mask.png,/home/amir/Desktop/COGAR/COGAR_Foundation-Model-Segmentation-for-Robotic-Scenes/outputs/sam_box_prompt/visualizations/row_0042_object_9_sam_visualization.png,cuda,vit_b,369.0,336.0,0.9507759213447572,0.8868421052631579,/home/amir/Desktop/COGAR/COGAR_Foundation-Model-Segmentation-for-Robotic-Scenes/outputs/sam_point_prompt_batch/masks/row_0042_object_9_sam_point_mask.png,/home/amir/Desktop/COGAR/COGAR_Foundation-Model-Segmentation-for-Robotic-Scenes/outputs/sam_point_prompt_batch/visualizations/row_0042_object_9_sam_point_visualization.png,cuda,vit_b,0.006264677441635613,0.006264677441635613,-0.014303147792816051,point
43,10,/mnt/Info/COGAR_DATASETs/OCID-dataset/YCB10/table/top/mixed/seq21/rgb/result_2018-08-24-13-17-53.png,/home/amir/Desktop/COGAR/COGAR_Foundation-Model-Segmentation-for-Robotic-Scenes/outputs/gt_binary_masks/00043_result_2018-08-24-13-17-53_obj10.png,result_2018-08-24-13-17-53.png,297.0,386.0,335.0,427.0,0.9719595313072203,0.8970954356846473,/home/amir/Desktop/COGAR/COGAR_Foundation-Model-Segmentation-for-Robotic-Scenes/outputs/sam_box_prompt/masks/row_0043_object_10_sam_mask.png,/home/amir/Desktop/COGAR/COGAR_Foundation-Model-Segmentation-for-Robotic-Scenes/outputs/sam_box_prompt/visualizations/row_0043_object_10_sam_visualization.png,cuda,vit_b,314.0,408.0,0.8357175588607788,0.1078001752848378,/home/amir/Desktop/COGAR/COGAR_Foundation-Model-Segmentation-for-Robotic-Scenes/outputs/sam_point_prompt_batch/masks/row_0043_object_10_sam_point_mask.png,/home/amir/Desktop/COGAR/COGAR_Foundation-Model-Segmentation-for-Robotic-Scenes/outputs/sam_point_prompt_batch/visualizations/row_0043_object_10_sam_point_visualization.png,cuda,vit_b,-0.7892952603998096,0.7892952603998096,-0.13624197244644154,box
44,3,/mnt/Info/COGAR_DATASETs/OCID-dataset/YCB10/table/top/mixed/seq21/rgb/result_2018-08-24-13-18-17.png,/home/amir/Desktop/COGAR/COGAR_Foundation-Model-Segmentation-for-Robotic-Scenes/outputs/gt_binary_masks/00044_result_2018-08-24-13-18-17_obj3.png,result_2018-08-24-13-18-17.png,377.0,229.0,449.0,300.0,0.9757164120674132,0.889707688528617,/home/amir/Desktop/COGAR/COGAR_Foundation-Model-Segmentation-for-Robotic-Scenes/outputs/sam_box_prompt/masks/row_0044_object_3_sam_mask.png,/home/amir/Desktop/COGAR/COGAR_Foundation-Model-Segmentation-for-Robotic-Scenes/outputs/sam_box_prompt/visualizations/row_0044_object_3_sam_visualization.png,cuda,vit_b,413.0,262.0,0.7349610924720764,0.8826429980276134,/home/amir/Desktop/COGAR/COGAR_Foundation-Model-Segmentation-for-Robotic-Scenes/outputs/sam_point_prompt_batch/masks/row_0044_object_3_sam_point_mask.png,/home/amir/Desktop/COGAR/COGAR_Foundation-Model-Segmentation-for-Robotic-Scenes/outputs/sam_point_prompt_batch/visualizations/row_0044_object_3_sam_point_visualization.png,cuda,vit_b,-0.007064690501003668,0.007064690501003668,-0.2407553195953368,box
45,4,/mnt/Info/COGAR_DATASETs/OCID-dataset/YCB10/table/top/mixed/seq21/rgb/result_2018-08-24-13-18-17.png,/home/amir/Desktop/COGAR/COGAR_Foundation-Model-Segmentation-for-Robotic-Scenes/outputs/gt_binary_masks/00045_result_2018-08-24-13-18-17_obj4.png,result_2018-08-24-13-18-17.png,375.0,293.0,453.0,390.0,0.9545251727104188,0.807787610619469,/home/amir/Desktop/COGAR/COGAR_Foundation-Model-Segmentation-for-Robotic-Scenes/outputs/sam_box_prompt/masks/row_0045_object_4_sam_mask.png,/home/amir/Desktop/COGAR/COGAR_Foundation-Model-Segmentation-for-Robotic-Scenes/outputs/sam_box_prompt/visualizations/row_0045_object_4_sam_visualization.png,cuda,vit_b,412.0,343.0,0.8378283381462097,0.8131791097090781,/home/amir/Desktop/COGAR/COGAR_Foundation-Model-Segmentation-for-Robotic-Scenes/outputs/sam_point_prompt_batch/masks/row_0045_object_4_sam_point_mask.png,/home/amir/Desktop/COGAR/COGAR_Foundation-Model-Segmentation-for-Robotic-Scenes/outputs/sam_point_prompt_batch/visualizations/row_0045_object_4_sam_point_visualization.png,cuda,vit_b,0.00539149908960912,0.00539149908960912,-0.1166968345642091,point
46,5,/mnt/Info/COGAR_DATASETs/OCID-dataset/YCB10/table/top/mixed/seq21/rgb/result_2018-08-24-13-18-17.png,/home/amir/Desktop/COGAR/COGAR_Foundation-Model-Segmentation-for-Robotic-Scenes/outputs/gt_binary_masks/00046_result_2018-08-24-13-18-17_obj5.png,result_2018-08-24-13-18-17.png,317.0,255.0,377.0,333.0,0.9669879078865052,0.9031525134904856,/home/amir/Desktop/COGAR/COGAR_Foundation-Model-Segmentation-for-Robotic-Scenes/outputs/sam_box_prompt/masks/row_0046_object_5_sam_mask.png,/home/amir/Desktop/COGAR/COGAR_Foundation-Model-Segmentation-for-Robotic-Scenes/outputs/sam_box_prompt/visualizations/row_0046_object_5_sam_visualization.png,cuda,vit_b,345.0,291.0,0.8869588375091553,0.6850324101355333,/home/amir/Desktop/COGAR/COGAR_Foundation-Model-Segmentation-for-Robotic-Scenes/outputs/sam_point_prompt_batch/masks/row_0046_object_5_sam_point_mask.png,/home/amir/Desktop/COGAR/COGAR_Foundation-Model-Segmentation-for-Robotic-Scenes/outputs/sam_point_prompt_batch/visualizations/row_0046_object_5_sam_point_visualization.png,cuda,vit_b,-0.21812010335495235,0.21812010335495235,-0.08002907037734996,box
47,6,/mnt/Info/COGAR_DATASETs/OCID-dataset/YCB10/table/top/mixed/seq21/rgb/result_2018-08-24-13-18-17.png,/home/amir/Desktop/COGAR/COGAR_Foundation-Model-Segmentation-for-Robotic-Scenes/outputs/gt_binary_masks/00047_result_2018-08-24-13-18-17_obj6.png,result_2018-08-24-13-18-17.png,319.0,323.0,399.0,406.0,0.8605388402938843,0.7086911714187565,/home/amir/Desktop/COGAR/COGAR_Foundation-Model-Segmentation-for-Robotic-Scenes/outputs/sam_box_prompt/masks/row_0047_object_6_sam_mask.png,/home/amir/Desktop/COGAR/COGAR_Foundation-Model-Segmentation-for-Robotic-Scenes/outputs/sam_box_prompt/visualizations/row_0047_object_6_sam_visualization.png,cuda,vit_b,357.0,370.0,0.7604437470436096,0.6507883260650789,/home/amir/Desktop/COGAR/COGAR_Foundation-Model-Segmentation-for-Robotic-Scenes/outputs/sam_point_prompt_batch/masks/row_0047_object_6_sam_point_mask.png,/home/amir/Desktop/COGAR/COGAR_Foundation-Model-Segmentation-for-Robotic-Scenes/outputs/sam_point_prompt_batch/visualizations/row_0047_object_6_sam_point_visualization.png,cuda,vit_b,-0.05790284535367762,0.05790284535367762,-0.10009509325027466,box
48,7,/mnt/Info/COGAR_DATASETs/OCID-dataset/YCB10/table/top/mixed/seq21/rgb/result_2018-08-24-13-18-17.png,/home/amir/Desktop/COGAR/COGAR_Foundation-Model-Segmentation-for-Robotic-Scenes/outputs/gt_binary_masks/00048_result_2018-08-24-13-18-17_obj7.png,result_2018-08-24-13-18-17.png,287.0,262.0,324.0,322.0,0.97620290517807,0.7927984838913456,/home/amir/Desktop/COGAR/COGAR_Foundation-Model-Segmentation-for-Robotic-Scenes/outputs/sam_box_prompt/masks/row_0048_object_7_sam_mask.png,/home/amir/Desktop/COGAR/COGAR_Foundation-Model-Segmentation-for-Robotic-Scenes/outputs/sam_box_prompt/visualizations/row_0048_object_7_sam_visualization.png,cuda,vit_b,305.0,293.0,0.7391793131828308,0.7009646302250804,/home/amir/Desktop/COGAR/COGAR_Foundation-Model-Segmentation-for-Robotic-Scenes/outputs/sam_point_prompt_batch/masks/row_0048_object_7_sam_point_mask.png,/home/amir/Desktop/COGAR/COGAR_Foundation-Model-Segmentation-for-Robotic-Scenes/outputs/sam_point_prompt_batch/visualizations/row_0048_object_7_sam_point_visualization.png,cuda,vit_b,-0.09183385366626517,0.09183385366626517,-0.23702359199523915,box
49,8,/mnt/Info/COGAR_DATASETs/OCID-dataset/YCB10/table/top/mixed/seq21/rgb/result_2018-08-24-13-18-17.png,/home/amir/Desktop/COGAR/COGAR_Foundation-Model-Segmentation-for-Robotic-Scenes/outputs/gt_binary_masks/00049_result_2018-08-24-13-18-17_obj8.png,result_2018-08-24-13-18-17.png,263.0,333.0,345.0,397.0,0.9530680775642396,0.8055555555555556,/home/amir/Desktop/COGAR/COGAR_Foundation-Model-Segmentation-for-Robotic-Scenes/outputs/sam_box_prompt/masks/row_0049_object_8_sam_mask.png,/home/amir/Desktop/COGAR/COGAR_Foundation-Model-Segmentation-for-Robotic-Scenes/outputs/sam_box_prompt/visualizations/row_0049_object_8_sam_visualization.png,cuda,vit_b,304.0,363.0,0.6904813647270203,0.0885518590998043,/home/amir/Desktop/COGAR/COGAR_Foundation-Model-Segmentation-for-Robotic-Scenes/outputs/sam_point_prompt_batch/masks/row_0049_object_8_sam_point_mask.png,/home/amir/Desktop/COGAR/COGAR_Foundation-Model-Segmentation-for-Robotic-Scenes/outputs/sam_point_prompt_batch/visualizations/row_0049_object_8_sam_point_visualization.png,cuda,vit_b,-0.7170036964557512,0.7170036964557512,-0.26258671283721935,box
50,9,/mnt/Info/COGAR_DATASETs/OCID-dataset/YCB10/table/top/mixed/seq21/rgb/result_2018-08-24-13-18-17.png,/home/amir/Desktop/COGAR/COGAR_Foundation-Model-Segmentation-for-Robotic-Scenes/outputs/gt_binary_masks/00050_result_2018-08-24-13-18-17_obj9.png,result_2018-08-24-13-18-17.png,355.0,320.0,384.0,352.0,0.9651694893836976,0.8805774278215223,/home/amir/Desktop/COGAR/COGAR_Foundation-Model-Segmentation-for-Robotic-Scenes/outputs/sam_box_prompt/masks/row_0050_object_9_sam_mask.png,/home/amir/Desktop/COGAR/COGAR_Foundation-Model-Segmentation-for-Robotic-Scenes/outputs/sam_box_prompt/visualizations/row_0050_object_9_sam_visualization.png,cuda,vit_b,369.0,336.0,0.9506333470344543,0.8853754940711462,/home/amir/Desktop/COGAR/COGAR_Foundation-Model-Segmentation-for-Robotic-Scenes/outputs/sam_point_prompt_batch/masks/row_0050_object_9_sam_point_mask.png,/home/amir/Desktop/COGAR/COGAR_Foundation-Model-Segmentation-for-Robotic-Scenes/outputs/sam_point_prompt_batch/visualizations/row_0050_object_9_sam_point_visualization.png,cuda,vit_b,0.004798066249623978,0.004798066249623978,-0.014536142349243275,point
51,10,/mnt/Info/COGAR_DATASETs/OCID-dataset/YCB10/table/top/mixed/seq21/rgb/result_2018-08-24-13-18-17.png,/home/amir/Desktop/COGAR/COGAR_Foundation-Model-Segmentation-for-Robotic-Scenes/outputs/gt_binary_masks/00051_result_2018-08-24-13-18-17_obj10.png,result_2018-08-24-13-18-17.png,297.0,385.0,338.0,428.0,0.9705727696418762,0.891358024691358,/home/amir/Desktop/COGAR/COGAR_Foundation-Model-Segmentation-for-Robotic-Scenes/outputs/sam_box_prompt/masks/row_0051_object_10_sam_mask.png,/home/amir/Desktop/COGAR/COGAR_Foundation-Model-Segmentation-for-Robotic-Scenes/outputs/sam_box_prompt/visualizations/row_0051_object_10_sam_visualization.png,cuda,vit_b,314.0,408.0,0.8266503214836121,0.1071737251512532,/home/amir/Desktop/COGAR/COGAR_Foundation-Model-Segmentation-for-Robotic-Scenes/outputs/sam_point_prompt_batch/masks/row_0051_object_10_sam_point_mask.png,/home/amir/Desktop/COGAR/COGAR_Foundation-Model-Segmentation-for-Robotic-Scenes/outputs/sam_point_prompt_batch/visualizations/row_0051_object_10_sam_point_visualization.png,cuda,vit_b,-0.7841842995401048,0.7841842995401048,-0.14392244815826416,box
